actual,predicted
139.0,133.14509635258077
106.0,107.9474825222784
152.0,92.9213253170604
69.0,73.84778480635875
37.0,27.2231784141894
39.0,33.066312481928406
30.0,28.001529447682227
50.0,56.16993780126907
44.0,54.27094793997822
113.0,111.7777440930321
18.0,22.332239162115194
86.0,63.16826409559849
36.0,36.92951879046216
52.0,49.933212895315364
55.0,42.7261465617804
19.0,19.086164468560202
32.0,30.002806302777277
126.0,133.16924512198176
168.0,159.48360269463075
31.0,37.17335385513325
44.0,49.149261423305234
65.0,87.98019310186693
87.0,94.27726403643578
38.0,36.572504828912066
105.0,102.83834434933446
53.0,55.50972793474678
17.0,25.75267901503243
53.0,52.59877512598488
36.0,36.42113535900338
29.0,28.75686682286603
44.0,41.608865952723605
22.0,26.29401209026041
47.0,46.17061360385121
46.0,49.77409628468643
38.0,38.550075828029364
98.0,91.58941492715861
20.0,20.7976614944864
123.0,127.94396643548528
35.0,32.617747491785984
154.0,136.8624454752588
23.0,20.728525587669303
63.0,56.902624337783095
25.0,25.539691783982036
46.0,60.60951318391789
57.0,47.59383799191436
49.0,42.860195968163914
50.0,53.87642824621853
36.0,37.22347860832049
59.0,54.42913976409771
16.0,24.581048821776523
22.0,23.27849261448581
76.0,94.21348274794545
39.0,62.68260726227475
71.0,63.04421247976553
31.0,29.7590077319369
161.0,156.1256455573018
70.0,65.99694485137205
34.0,38.04729256330174
42.0,37.97012764447971
106.0,66.06772971029167
19.0,21.602448556641207
77.0,76.65743150804087
119.0,102.10154898596393
33.0,33.70782108023254
129.0,127.61047746231482
95.0,67.27168393774899
25.0,32.635654898195085
42.0,43.946080180842245
38.0,38.21893152253357
56.0,55.63668893716324
26.0,20.995201844719748
28.0,26.361239792296274
95.0,111.48142751243047
82.0,73.27689654536185
27.0,26.792957530062704
103.0,100.72713715633763
52.0,55.16597775513498
22.0,22.5709254289789
58.0,59.52718609875363
33.0,47.43310864568169
43.0,37.81247756159778
57.0,59.92778313070656
88.0,76.64288809821367
53.0,40.364408754789714
42.0,39.1657787942615
69.0,63.491215853021544
55.0,55.760966349525326
38.0,38.74734416264766
60.0,68.81291293951516
36.0,32.41017870295586
100.0,108.53157225223826
57.0,38.38412231025071
67.0,66.71122105693765
33.0,38.37944207707212
67.0,67.66146422911135
17.0,23.059261860929144
58.0,58.281847514275576
31.0,33.24385841793335
87.0,83.47291838039816
57.0,68.52327901329869
26.0,24.438884911692803
49.0,41.85613904966191
44.0,41.73119137832887
45.0,63.45246576854783
73.0,75.96503368604904
120.0,116.08905470216753
71.0,75.67804065345557
101.0,146.58609769221434
17.0,25.660048578058497
89.0,82.12651915152242
37.0,39.45424740101875
44.0,44.07545362664319
71.0,60.98437353744804
61.0,70.13271604802216
62.0,69.59762923580638
67.0,56.01520927081098
74.0,64.28109205808074
32.0,43.25439098069725
106.0,117.53319903183755
57.0,70.97598666626662
41.0,34.329546782258944
77.0,78.38033947852914
46.0,49.43224615742425
40.0,37.82209677002559
143.0,134.48440652605888
107.0,86.86388725776425
28.0,21.256741568833398
101.0,112.72118474720713
31.0,48.43050944154377
19.0,20.89958800458983
17.0,16.964426911977352
31.0,31.42197923200339
91.0,80.78959335214373
40.0,37.039003516059466
30.0,27.908216447401774
86.0,77.9320315550615
27.0,26.28635028825103
135.0,115.35734039705348
49.0,26.71725729032357
38.0,38.08589622464152
38.0,38.600570407582836
35.0,26.57271053699095
13.0,21.766181815732597
102.0,108.32229278094562
10.0,13.022560027742431
19.0,24.434918886390175
49.0,48.874795487053284
21.0,21.095892289048383
47.0,48.08769779578536
139.0,144.60846571054452
60.0,63.6973214133841
59.0,63.543112189629184
49.0,56.70852049962624
45.0,44.33952509350961
79.0,84.98714720414988
29.0,34.61001104571478
105.0,100.61551987063025
20.0,21.362787278758365
25.0,33.73785671541409
36.0,26.738658646487703
31.0,31.27511838324875
26.0,27.75952812399534
41.0,42.15167950700587
23.0,24.674532058610183
60.0,67.71017730108106
28.0,30.292804976167265
105.0,102.54645794180364
16.0,20.648165879062358
100.0,100.83569001198568
28.0,28.414325795256673
76.0,86.25147743093781
49.0,43.31006132598153
49.0,46.121070250068335
55.0,47.74249534519724
61.0,65.68824060457209
19.0,24.037265053722304
103.0,85.40627063057669
43.0,43.53815209968299
40.0,44.12518177362656
32.0,31.856580664238948
55.0,48.46070981972443
13.0,17.033072260129806
31.0,33.312605275750094
29.0,28.43355001013992
36.0,39.262237858376785
48.0,59.310471109493704
89.0,90.8171705415429
60.0,53.275420279882496
41.0,69.79685627273481
75.0,76.93059773059353
102.0,55.789035089281995
27.0,34.36089397053273
131.0,122.39233318345757
49.0,49.05014677358156
84.0,80.52149399816808
47.0,56.71593835530165
88.0,84.35805253789246
34.0,34.44188284225958
44.0,43.16085088964556
75.0,103.59760091520053
74.0,81.87546529805803
87.0,85.40319415243172
41.0,58.63948737646688
61.0,60.249491750886634
57.0,79.43326352177125
91.0,85.29096829802508
67.0,69.98033308176406
31.0,33.735119443631646
154.0,147.90939828828132
75.0,88.34677356689558
179.0,154.8846469474154
69.0,79.28195157490305
33.0,49.16586743407178
59.0,53.636749564032165
41.0,46.185204648477686
43.0,43.89858770346923
44.0,50.11774531050654
112.0,112.62792346265907
70.0,91.55323087421554
33.0,43.93550247989363
120.0,86.15057214842746
25.0,35.70848239516105
50.0,44.226594701147675
41.0,48.004013812178464
33.0,33.738803999010585
69.0,74.50451654822758
46.0,39.46596799901261
29.0,30.92810581230468
101.0,112.22061152532004
20.0,20.31825986521492
42.0,38.76724124934651
132.0,134.55491235214956
32.0,32.570587883549976
39.0,33.43308982276318
139.0,134.1435882837778
42.0,40.897064177963735
17.0,27.023566808212696
30.0,31.09063889437823
22.0,27.518615434931615
49.0,60.52780301028538
86.0,81.43831013666781
162.0,155.09579035738508
15.0,15.8050288317115
13.0,18.861476227506742
12.0,15.938002477210093
45.0,49.13827044452883
30.0,30.76623659468557
46.0,42.722962079575645
16.0,19.58700687454083
37.0,36.123607177199
29.0,22.77290104561746
104.0,91.77063254938712
34.0,33.79069976541263
33.0,44.844393433765994
34.0,26.32454544928601
44.0,45.14697886864979
18.0,51.46936611721814
78.0,66.01128195544922
42.0,42.04270947072666
56.0,55.191053557948614
56.0,67.72056989388173
69.0,70.76991664987708
108.0,108.16613463880736
37.0,37.692378980877876
22.0,22.572335132605925
45.0,35.59000910672162
87.0,86.84684558850068
47.0,41.47506955535359
70.0,63.18898670796527
34.0,36.87609104136586
51.0,51.10213399393079
59.0,63.46299685837595
51.0,55.13935142911238
36.0,40.167745156376355
57.0,58.147984185890614
23.0,26.01725819686243
26.0,33.3261481478468
41.0,42.571594520040506
105.0,94.3657302304673
83.0,57.04116962246334
17.0,24.541904790628028
124.0,107.22395119058082
52.0,49.828230695131076
54.0,88.64906925927558
43.0,41.052108610872224
41.0,37.14084939050968
83.0,128.56703700253564
57.0,55.56110638717525
94.0,98.84602145917671
78.0,71.71981908911606
27.0,31.550945077020863
53.0,62.86954888779993
89.0,80.63330441784458
26.0,29.50045950876061
76.0,74.87992705370225
65.0,89.93525734278676
37.0,36.3145630139304
23.0,25.5037007200228
53.0,30.684848727021606
84.0,82.45235572268939
54.0,46.6326925967481
23.0,34.4943292826223
71.0,68.05442785182974
127.0,123.23978446571391
22.0,16.586179789116915
57.0,66.77641165470077
100.0,92.0991056809798
30.0,33.3978210297615
33.0,35.43156844134948
61.0,43.55150158584673
77.0,77.81576384976067
24.0,21.303290157162515
29.0,42.54822899544138
56.0,63.62488119800734
26.0,35.238191276591344
66.0,58.64856705610616
39.0,39.40585791932495
68.0,75.7140904177968
51.0,57.72989839626856
155.0,150.83972439651885
38.0,51.128402455310216
55.0,61.52203421556555
44.0,44.07341651819658
28.0,28.002853205090997
21.0,20.96688069250608
23.0,25.222209346574957
45.0,45.652250456129146
33.0,34.468786463954366
57.0,51.46148481880698
66.0,74.13313629800187
38.0,44.208733591975346
43.0,41.37999594107346
57.0,57.00288291300546
133.0,140.04158399053952
49.0,49.29207093094876
28.0,27.411947735029347
79.0,86.65617234832486
74.0,74.96110964542375
66.0,71.86470080947485
116.0,97.14499342055424
25.0,25.306928722494902
21.0,21.08604952456999
43.0,52.36749152183542
20.0,24.362760761966488
22.0,23.936521026919557
47.0,51.42238699937918
53.0,60.734920323226554
50.0,48.61649568805726
68.0,75.47259312594807
44.0,44.02363998141064
39.0,30.8074480939238
26.0,30.047162850988123
108.0,108.29278676115766
25.0,27.162832552281436
62.0,74.36239126564529
49.0,44.67705780793888
82.0,96.73334898189658
61.0,58.372598692490115
39.0,43.192496840847625
48.0,55.94772332124045
19.0,25.7789260465626
20.0,30.304057997077052
75.0,77.26430925325499
55.0,50.79417260285973
68.0,75.1057710971316
31.0,30.78691956529388
88.0,100.18370247293892
97.0,91.83969159765358
36.0,29.76275571473529
44.0,57.91728462747149
10.0,13.192171771197986
68.0,52.233524366101044
90.0,84.76345580815652
122.0,125.58051162615423
28.0,28.093114678741532
26.0,29.631338417513824
41.0,51.79207830426399
25.0,30.923540495060706
20.0,27.606623288866636
38.0,32.946229389029355
79.0,81.15128349062785
39.0,41.149468822121825
103.0,85.45687062269967
38.0,38.34186789463263
104.0,98.33592779161414
64.0,58.56752680135135
20.0,19.029895547436364
75.0,84.87771606795339
52.0,54.34587077330056
32.0,42.73362091351866
137.0,135.2900129453425
61.0,55.375810745046145
36.0,27.97616991351957
60.0,84.60994723640555
12.0,31.64379285494671
28.0,34.83772279828065
61.0,68.08366522566773
28.0,30.205479320967097
58.0,83.12538049662943
87.0,87.95444897329293
23.0,31.419688073359826
22.0,27.670284704353342
119.0,114.00447300847564
75.0,60.56561241503932
33.0,32.635621696009586
29.0,27.70888395924738
139.0,123.18018992133265
65.0,49.83646376354318
51.0,50.10146801809467
32.0,29.722924156252613
83.0,65.53658020681708
36.0,32.59213125861734
43.0,32.59558546188278
30.0,36.998674316474016
34.0,32.52618149532124
32.0,35.717659794077335
99.0,110.45208288717582
122.0,121.78251326897878
64.0,56.219843824791695
35.0,35.77851730211194
48.0,36.682761106888734
16.0,21.763661361943225
137.0,104.3550257411798
22.0,24.99226923616464
29.0,31.095913309905587
152.0,121.02700118921703
19.0,22.519531766126786
66.0,58.018370980139835
31.0,30.66857795134906
80.0,80.15265169402751
44.0,44.27036495658365
14.0,27.126824550439675
50.0,61.56658285365891
68.0,71.56093085596784
52.0,66.09843144915241
74.0,73.85738379711384
31.0,33.08586913083578
72.0,79.58329007146997
53.0,57.79704831865448
33.0,32.24786818210582
30.0,27.891918696920527
40.0,48.310072068510586
34.0,31.945918367853547
41.0,41.84270476581812
24.0,30.398945078909687
39.0,39.78537422846655
69.0,68.53041254439837
56.0,45.05306791527912
43.0,54.7230931543909
54.0,51.54915063716017
32.0,30.262880877110398
60.0,59.25873221315467
37.0,44.280883992412654
69.0,53.78283186501986
151.0,108.6260961183606
115.0,99.82210759183091
44.0,36.25423507736712
69.0,67.32941609828715
51.0,58.66713790084047
63.0,68.45222946269983
34.0,29.654493283529572
28.0,28.687204252642967
21.0,22.502711663997378
17.0,22.755206118584507
129.0,126.08182820223865
93.0,84.78381843848516
34.0,43.802543624932404
126.0,111.86974282004452
25.0,21.156914278383663
101.0,90.95771178965455
55.0,53.651378671159954
33.0,42.735384501794364
104.0,85.07565946674657
38.0,38.582022375826085
122.0,122.79548947356332
35.0,43.27407176582416
49.0,45.95588046690737
32.0,23.266584527571396
43.0,43.581419258745655
62.0,44.54190915676166
84.0,83.47864365936488
27.0,27.042354276673095
38.0,43.39779655941326
31.0,32.1527538701494
33.0,31.32494843908997
84.0,80.00984461454128
30.0,41.79389027090867
104.0,103.29734207695728
145.0,122.9366881746236
13.0,12.779132241676486
76.0,58.58874788278008
25.0,28.606819017545853
20.0,22.55616652101552
51.0,49.13498563611997
36.0,31.431247475992585
54.0,82.39082618569543
47.0,55.04638762158559
37.0,38.64805192908583
95.0,78.66795267255982
59.0,61.19382555629076
46.0,47.18812833640067
97.0,90.15608667130365
123.0,128.93827633028843
49.0,37.06068140959149
32.0,35.86051417346072
84.0,88.53046343556896
22.0,23.438750166747962
72.0,81.79291575618223
83.0,72.31745537900575
84.0,70.88286184177363
43.0,49.5484082314966
50.0,49.28012846526609
45.0,52.33728419192225
12.0,12.37290882483224
8.0,9.162330064689124
71.0,71.91004689275134
40.0,42.62379911452902
56.0,50.85556866009353
34.0,39.50139679975889
45.0,44.776801817615386
83.0,83.11333753379716
69.0,60.54407289150057
44.0,45.01662567210423
40.0,48.75201094293452
33.0,35.725312379368866
65.0,56.88853938970337
18.0,18.319138887607544
65.0,65.99855074344404
81.0,68.37103910589185
19.0,32.13408026542878
61.0,70.82195278460048
90.0,88.0821145272088
32.0,25.388417581283214
61.0,64.07152206074929
69.0,59.95149541689534
35.0,35.379355339596586
59.0,60.58403610664381
40.0,39.58910089112625
90.0,94.08133816855073
50.0,47.484221081057434
17.0,25.241634313177386
77.0,73.4627238885274
59.0,40.97867187121085
44.0,38.74412600282529
43.0,43.70661254117545
28.0,40.079731937896696
67.0,60.8225589319868
24.0,25.183857061216354
43.0,41.76672643503277
79.0,63.1504684934144
87.0,70.3747706229451
33.0,32.68209579197478
59.0,59.203909204590076
13.0,12.909867890789824
64.0,58.21942136648119
70.0,71.77775440092911
52.0,38.79014314753102
21.0,27.114891203379077
81.0,106.27605599612406
93.0,95.0671123682667
12.0,13.809674813828003
31.0,32.46788292641303
58.0,57.9300168120534
37.0,38.47953778668202
122.0,109.80067958752738
22.0,31.19534050741792
19.0,26.79937709423707
75.0,74.2419769102517
43.0,44.399769753968805
63.0,64.3081665527989
44.0,43.29374608352744
44.0,57.17596380285901
114.0,87.07691629099978
66.0,70.1712378744672
72.0,65.7148872340717
42.0,51.26384134944622
151.0,129.70519641129334
31.0,32.58269449336696
27.0,36.6638889856378
51.0,38.20407909321655
51.0,67.0995255277356
46.0,52.58458429429947
60.0,51.05799253131011
93.0,87.73707679958358
41.0,48.422209481080486
68.0,82.5652964357334
12.0,16.916326243075233
36.0,27.854400521451613
19.0,28.210964406039007
45.0,44.67303362402475
19.0,34.510914170159104
49.0,43.30537284319094
24.0,25.575519841702295
48.0,31.04790486814518
95.0,99.20508019233951
64.0,64.53229867432269
86.0,85.82758749108824
76.0,75.33533402847418
25.0,31.78121298504738
76.0,89.49468810198937
34.0,35.892826294664204
29.0,26.01178737356494
79.0,71.11278453073656
30.0,31.083702340979485
60.0,47.01123171132273
159.0,152.78654978377693
44.0,45.39897055151911
106.0,117.9995462166858
116.0,104.61771275333176
138.0,136.81196751109056
30.0,41.31881918390772
33.0,31.59400250714997
62.0,71.53331563784421
55.0,61.627215143907485
24.0,33.71350354274103
64.0,64.15116919378538
64.0,68.77477700828459
38.0,36.78458736855909
94.0,87.30410260625906
48.0,33.156623061196484
58.0,78.07829731053512
49.0,64.62133369757113
33.0,37.634339705642795
109.0,114.02248628167982
54.0,53.471390899850704
61.0,52.07607332806572
56.0,54.78073012638971
101.0,71.89504846406848
87.0,74.97672224812365
57.0,50.90473528441512
44.0,32.70279361126958
57.0,63.25391965173488
65.0,53.134721888439486
34.0,28.547884085120945
74.0,64.34484819996183
42.0,47.55838922435727
66.0,60.574710166249204
42.0,42.96116745102397
38.0,38.16554579423294
40.0,46.99530836613335
31.0,32.05065250080718
43.0,41.16866715447877
85.0,80.21345975793476
41.0,37.64569147505612
40.0,52.84073862794306
49.0,49.482660998470365
41.0,46.13719140812611
97.0,83.5470695434845
47.0,43.51475785435761
26.0,26.772009621112893
71.0,50.099634138697226
82.0,75.82011122248444
64.0,65.55325269203
41.0,43.40277326983845
36.0,34.32538952606684
45.0,38.2101819874188
93.0,92.12762278323342
103.0,93.33015632961514
142.0,129.45946748889997
38.0,39.046136504749214
83.0,81.02631346024282
69.0,75.26600298720436
47.0,46.577459812918455
102.0,87.33737295382629
95.0,96.18674950834239
33.0,32.82228223217287
30.0,35.44171764818663
29.0,33.11915642326356
39.0,31.56913164818553
22.0,21.5476507818691
98.0,92.71856493157347
50.0,52.07006681584078
31.0,32.44968120111794
34.0,35.61477421256915
69.0,73.49015740752006
75.0,76.95638320330826
22.0,22.07461234013248
52.0,29.661845443280107
33.0,34.89263553464243
56.0,61.748026878865325
31.0,48.58383690172585
33.0,38.244372601984956
33.0,29.308400846904302
38.0,38.286570366367
34.0,40.612182168973376
81.0,90.2491454317341
52.0,40.59664928197438
44.0,33.454445251377685
72.0,88.32545330654854
34.0,34.31035449783482
78.0,81.8768469655204
30.0,24.892143851681173
32.0,41.93661344644535
55.0,49.623958248286996
49.0,48.2821457452772
113.0,121.23930493397297
76.0,110.7890531229448
78.0,78.68528763242261
66.0,68.5020335754623
40.0,42.529196578292
58.0,50.19065091502112
29.0,49.026106676445956
45.0,45.83975594187255
67.0,69.36339634505653
44.0,43.42419596235667
33.0,36.60049112203491
33.0,34.44869571259151
20.0,24.417788911494302
46.0,44.60735756879465
92.0,74.72208724593396
47.0,45.79730171807326
102.0,75.54282161546053
58.0,53.11401556239095
146.0,146.37226031606457
68.0,42.74575312337242
65.0,71.54118681975163
74.0,87.2814029900033
87.0,86.06769952899899
65.0,45.87848990130822
40.0,39.67935525305772
23.0,24.937058293684746
24.0,27.963963599595886
34.0,38.565065224640584
31.0,39.01512797609634
39.0,35.16249610998482
20.0,25.726727308320353
48.0,44.579587253070905
77.0,65.02888690784535
52.0,59.070298573937315
34.0,25.203894610086586
49.0,45.798436367718004
27.0,24.743317396227432
114.0,115.54386508925987
39.0,38.94159729307146
46.0,37.46743704815394
71.0,62.70946369403478
56.0,59.625470315976564
28.0,25.310799626149343
61.0,55.23646448180624
24.0,24.589135430287197
63.0,76.12056350825557
82.0,92.32406043031492
53.0,50.128364261999955
96.0,90.20039292761513
36.0,44.222354106369515
55.0,51.40213092761034
67.0,72.69253839838623
44.0,42.87386543206036
99.0,125.1703122094534
53.0,55.07117078303102
87.0,81.11793237529645
22.0,29.19764340248251
72.0,58.468530862182206
161.0,152.48025279606384
59.0,63.537717951536614
80.0,78.45486942749217
49.0,40.65055606621305
44.0,41.95303630412502
40.0,36.55138691819414
87.0,88.54450817594642
61.0,66.94775212222427
49.0,54.160871293749715
61.0,57.43059961445567
19.0,23.026016119441515
27.0,24.16702369769014
37.0,40.7386391948347
70.0,79.50219659667391
97.0,101.00445071163765
37.0,29.178528286823102
57.0,95.95960892605113
86.0,79.36896871093099
60.0,73.29167734266667
98.0,78.73853463344787
33.0,29.74099038071458
31.0,32.679278631373144
149.0,148.22707417275922
39.0,39.73648732982503
62.0,72.88311535005838
38.0,42.26031611003156
51.0,43.57466085831781
20.0,19.317373650579828
84.0,81.27093267112234
16.0,18.133695565273975
68.0,56.692220761923096
29.0,29.44724538677995
48.0,46.88543969443255
98.0,98.2310454927611
31.0,40.88744909251155
74.0,65.27220824586017
31.0,35.12703779822782
131.0,128.3246971757791
95.0,97.66647978829087
37.0,39.42999337584627
24.0,44.7105912841193
81.0,97.16070863667625
91.0,92.92335965047927
152.0,129.34793136038337
24.0,26.23609565027872
65.0,52.7764658508272
25.0,29.834318182396707
24.0,25.261404124511095
63.0,56.485567712495104
46.0,48.09947381435199
68.0,60.143327197359795
40.0,42.58954700582275
64.0,68.91614121383836
88.0,91.72081697961241
112.0,98.76621237449167
115.0,116.1986041980895
44.0,45.21653470160464
125.0,100.79525158695846
44.0,33.673606585831074
31.0,39.66197507081381
59.0,41.72158768099563
51.0,48.208729524577656
61.0,42.16663500848046
22.0,28.061526041320835
46.0,47.913784765753235
86.0,100.28524993411968
54.0,69.8746436774325
30.0,36.41897676659192
40.0,32.20754123393457
68.0,63.838907475486266
67.0,66.87509226685468
20.0,29.255762282573663
28.0,31.673690907297775
45.0,44.59969851054784
81.0,57.31679260524706
64.0,63.94160541000781
151.0,149.34852273804023
72.0,59.24750480440597
52.0,60.10364476206429
16.0,20.17622422540467
67.0,74.69539876729432
74.0,77.76066649942484
48.0,53.42973923719184
47.0,56.62954152834873
68.0,53.30112424540858
97.0,92.44901156395345
43.0,60.770275086789574
63.0,66.39249476445848
80.0,76.92247844708149
46.0,59.06381349753086
74.0,72.82977270730386
118.0,132.5922077753383
46.0,45.10902065394462
99.0,90.19268140902777
57.0,73.04840481332931
61.0,58.76172495231074
33.0,40.36918559400821
125.0,115.76044624479832
36.0,35.66198098421709
59.0,83.17122145219206
69.0,79.73332332020017
96.0,95.40036553616629
52.0,54.95337714855405
96.0,86.26429142990656
32.0,57.404424753796285
134.0,128.77474807652712
20.0,24.4343104295594
57.0,59.02991846505409
23.0,20.61339951884353
96.0,108.09626921659839
20.0,23.937058630232382
38.0,22.11254127067417
31.0,32.61050094160088
48.0,49.838316461755234
116.0,118.14180246499278
42.0,41.90780532713431
16.0,20.729425047889947
69.0,55.457362196930674
29.0,36.289058721696414
18.0,20.612037935973454
63.0,45.93700532460683
69.0,60.84260992755887
90.0,87.35386597153125
15.0,14.899237038976743
57.0,52.97935453021152
30.0,24.56134581918034
25.0,31.680381954098177
15.0,20.110926346257543
105.0,98.21438527174551
19.0,26.243278709805242
70.0,66.44993067002302
80.0,85.76929533475231
22.0,34.94104703205078
17.0,24.899715564914697
47.0,42.62103081600866
34.0,33.53856591493108
32.0,26.81819918006835
106.0,109.37696827301689
38.0,32.457806723549325
75.0,41.868362072912156
34.0,30.59034717085479
36.0,36.38904433360513
58.0,77.59392820696358
41.0,29.6882360321375
64.0,61.92402468528882
52.0,45.68232971991025
43.0,49.4019542183628
36.0,44.11016339630555
101.0,94.97096764098472
40.0,49.35543160519448
25.0,31.668629189888254
24.0,24.559486411140508
39.0,37.56150989598511
62.0,77.17692301938094
55.0,60.432956063777816
31.0,36.585258091347924
19.0,25.39618020151477
40.0,49.057238030615885
56.0,55.12012110517682
95.0,94.8458229568348
51.0,67.6993801420888
94.0,93.1427376710795
48.0,48.56373140931474
35.0,47.10104684567393
81.0,91.13578694328453
62.0,60.871970307636886
75.0,85.66613524121097
13.0,16.95485136097328
45.0,46.93852744522952
35.0,35.934030691850175
13.0,14.802880040786116
30.0,26.925654160997215
54.0,55.32406352257154
35.0,37.98613380759848
14.0,19.928350276654296
55.0,48.18994606456367
106.0,98.16107502028878
82.0,86.78271365586447
40.0,37.869094687016435
13.0,36.534763133899034
17.0,20.02064786337292
53.0,47.720927855633754
62.0,78.14506314869267
41.0,44.88303869495399
62.0,51.84096281342603
49.0,65.7531198771071
70.0,78.80564452619069
27.0,27.744148667322147
86.0,66.1279366373205
33.0,33.42893790271304
33.0,33.0134844580563
19.0,27.125825722408624
62.0,55.63095894921856
33.0,32.88210412478035
11.0,22.645836316941015
43.0,42.691698036449765
82.0,81.55498723415889
152.0,141.80405960512724
36.0,33.97241738556595
30.0,23.06417863830708
24.0,37.66432678114229
21.0,27.84835764898804
36.0,35.14165533015877
101.0,89.10410104695553
62.0,64.77072983602028
54.0,50.81260183936297
48.0,52.61794596070849
59.0,74.02825028468065
87.0,69.5212907678709
37.0,43.85285574220782
38.0,37.444581935076776
31.0,36.629796381061716
62.0,74.06252618101054
43.0,43.135888377814105
27.0,29.85393973143401
40.0,38.091598660074396
38.0,41.58079276605655
42.0,30.711574149772854
49.0,31.725904465709963
126.0,126.78166765974439
69.0,60.46126424190057
43.0,37.22751148460687
31.0,29.922440021688562
116.0,117.04378378047464
51.0,65.91554008265918
37.0,36.4225239265728
54.0,50.271686462459655
53.0,45.40560610243819
48.0,45.9537946812394
58.0,59.87253867848298
110.0,110.25463939465938
73.0,65.75359955214381
93.0,98.99819936034328
117.0,105.48595073444014
39.0,39.37714701210576
107.0,88.65274673382801
35.0,35.13784548309186
83.0,86.1420230691116
79.0,87.90766574603389
71.0,71.72249916240663
90.0,86.2590483005936
46.0,45.09727961195009
32.0,34.090244532248825
71.0,48.899991078232496
143.0,120.88840210855341
55.0,65.42866629373349
27.0,44.69972512967556
59.0,56.90989218795164
59.0,58.829216596607225
28.0,28.5256079189388
23.0,24.837576619407926
55.0,67.98717527523976
22.0,24.964044593203212
61.0,83.413645339912
52.0,49.48371432365494
155.0,139.94359980921345
28.0,38.14152277373993
71.0,84.19937141033985
68.0,67.32322270246968
53.0,61.2768535307269
60.0,54.395694634285924
45.0,53.42971031115628
89.0,81.04993075330708
42.0,46.617553495011144
41.0,44.87101128781735
56.0,63.776572087005164
105.0,104.09719088876322
61.0,30.001697465992176
112.0,82.62891977940313
87.0,96.85695381992365
14.0,19.115380128013168
22.0,24.342429674370788
46.0,43.61486819549249
41.0,49.00153748452501
57.0,57.899385369023015
37.0,37.50762196841417
27.0,24.941105890014853
65.0,50.67548689821395
53.0,55.65152076219745
29.0,35.96515410643575
92.0,92.99738074205
44.0,50.547050742874944
39.0,40.73569902581321
52.0,45.281075717648974
50.0,36.91572878612291
31.0,23.55572317206825
86.0,78.8462238195281
29.0,36.20908310071307
70.0,64.86266566521653
28.0,27.964728196525627
50.0,55.13775405688044
50.0,52.172435806470666
37.0,36.721557582060235
19.0,20.88026964685953
67.0,66.58891427716658
29.0,42.9132929621491
40.0,38.00231722782359
28.0,43.16125824905098
37.0,25.220743014631925
53.0,52.782294817333984
74.0,90.97700067668852
61.0,68.70952805167299
33.0,36.5934475410926
40.0,42.08630921293875
35.0,36.532641660912084
27.0,31.118156737147103
58.0,57.48450273948267
62.0,70.71505045102641
82.0,74.94676399711732
19.0,28.492127704990246
28.0,32.038863552788726
26.0,36.37540133215344
36.0,47.15677950147661
81.0,61.31738723900027
41.0,41.55582751339742
37.0,56.54318787380809
31.0,31.743776717153214
19.0,29.085519274515526
45.0,53.688741040283375
28.0,47.853812732565416
47.0,34.586209803033356
135.0,129.72202919594355
29.0,33.59913037968517
56.0,54.34825765388664
67.0,66.33790913094946
55.0,59.95660528850587
44.0,44.285784288122066
124.0,107.3927544169258
122.0,109.71049458412136
21.0,21.338512614925055
113.0,109.04313548576155
61.0,65.35048876410403
27.0,26.90992088178077
32.0,31.366334252735708
32.0,32.55930312644803
37.0,38.0378274188433
68.0,76.60772392299697
26.0,26.502424602700206
34.0,30.53851583493377
19.0,23.38783937322106
11.0,13.445728266833116
70.0,82.50552049347239
98.0,97.29410367265142
51.0,46.53391378174695
153.0,134.28714768136973
97.0,103.19393724392718
35.0,35.64529650931467
52.0,48.86178173759048
16.0,20.419675649840677
50.0,36.01051256008897
31.0,33.89541297429403
24.0,26.16599978220152
61.0,45.28890501217583
49.0,50.47148565786552
58.0,61.34203764785894
47.0,49.1684018342379
40.0,45.5767604658446
158.0,137.1433741897228
20.0,25.572702039976654
19.0,23.260279122529365
90.0,96.38362542057993
45.0,42.38212891002701
44.0,45.94574882543499
52.0,59.0419622367651
57.0,49.855984953639286
40.0,44.1574858219619
33.0,32.911928398768346
109.0,98.89126479052807
34.0,32.058774684035654
39.0,42.50568765529926
20.0,20.29486189648907
91.0,74.46052486345297
36.0,30.562394210225058
47.0,40.18719176048397
40.0,42.99042892648848
15.0,20.113070222790636
63.0,61.97953372996538
71.0,68.8673364099091
38.0,43.265926737727916
58.0,58.02249085622991
53.0,63.95280914188845
141.0,91.25653070313068
75.0,68.54260835111764
78.0,71.60170267438426
57.0,108.12893509327168
67.0,64.04306299464218
68.0,72.97507623938243
38.0,41.40369891360698
57.0,47.15705904541778
61.0,73.17460848127793
54.0,46.58567354124162
37.0,43.839475550992894
54.0,57.32397625047259
32.0,37.88622571888827
21.0,22.38103492313135
71.0,70.30879146904456
90.0,88.57812126391372
159.0,138.2617459758675
116.0,129.25348503629522
42.0,38.63980289549434
70.0,74.82122460106635
61.0,60.50861563137724
40.0,34.753733950965106
65.0,60.508975314345136
22.0,22.145789394781964
20.0,22.08320062701194
51.0,55.456473084043964
18.0,20.33175370085023
42.0,41.034962913652535
29.0,31.852009331867148
44.0,43.255086640226644
23.0,24.28419475844046
40.0,40.31497023036041
22.0,23.572034388133886
25.0,28.21941850262645
22.0,24.403805073497914
17.0,18.159862380616133
23.0,25.607334375001635
35.0,34.46726318466239
32.0,34.76238076448382
31.0,37.73834323329295
33.0,31.81745665862892
42.0,48.92250670576648
31.0,29.87058035229647
40.0,40.7394449138201
80.0,79.35716580532036
104.0,96.420951493795
58.0,60.29026678914169
53.0,49.371264092666465
42.0,48.157124366887565
49.0,52.81516264610192
64.0,62.73584910414162
29.0,28.530169842017536
25.0,24.2961862597408
31.0,35.07264978126505
42.0,33.771485122601746
52.0,51.42269324405121
55.0,66.56575917134587
87.0,69.79570835648012
77.0,77.55910143769994
55.0,61.751588975534816
97.0,96.92033366478647
39.0,42.57879928450801
71.0,57.44909642812504
19.0,23.68031568453144
17.0,19.247980666830603
51.0,50.00898631266263
33.0,34.398568478037845
73.0,56.97953764259048
24.0,26.53347032931777
66.0,59.5052884815216
26.0,22.078310873776413
73.0,65.65392987138554
35.0,36.05735310790986
12.0,14.575560382928312
82.0,86.26324835067226
27.0,35.52691320574497
23.0,24.411496341053056
67.0,69.30078140324281
136.0,128.3221582466944
19.0,21.091921856136242
76.0,76.8423389263738
58.0,58.42106248593874
29.0,24.509856482080956
41.0,41.98295083646484
44.0,48.23586055905847
32.0,24.95336410631638
73.0,71.22783526707508
32.0,33.222947037687966
26.0,30.520258917269167
61.0,61.094734199868725
35.0,47.711970540743685
41.0,40.59014978994972
42.0,43.944533053609504
36.0,37.313092156671466
36.0,34.95398733529924
48.0,34.6562662115482
66.0,104.76881781561472
80.0,69.33459820806914
78.0,86.88708405327196
44.0,38.0170938550815
27.0,26.88267717249225
62.0,57.04505640072797
48.0,45.58076236945854
43.0,43.79621583247719
25.0,26.703882402237557
55.0,64.76436088493077
78.0,86.67718327092948
44.0,47.494239210727436
60.0,47.803523327490964
34.0,34.69593153785661
41.0,45.77768424312853
46.0,55.98461814494528
58.0,63.2623059955764
125.0,127.97577373447835
107.0,114.9789879230651
18.0,25.290868717743876
92.0,88.21046702909827
80.0,76.17900227734148
59.0,67.65528260187189
22.0,33.94312307195087
31.0,30.221505591919534
28.0,27.40563180443925
46.0,46.50593933798677
36.0,36.84888646277566
42.0,45.54605728580936
61.0,57.9067049032632
113.0,112.3030264982987
33.0,32.73725108923875
46.0,42.30877332225563
16.0,16.938081609481205
60.0,61.54983521228542
118.0,110.54289129355135
17.0,18.54898022788969
87.0,77.11014270622398
36.0,43.866129137322034
56.0,53.868974077531895
29.0,29.286848387141642
53.0,63.21727933764522
30.0,30.036774879811166
59.0,82.63788569491683
100.0,100.12645017837326
26.0,24.164989213397366
86.0,81.07066339558021
39.0,33.04681981875095
19.0,23.495042579272308
40.0,41.172163779107215
28.0,26.651357836574757
58.0,47.484793690883535
37.0,28.74658726090014
50.0,52.53325168715461
29.0,39.58287865507986
40.0,40.742411957570766
78.0,63.36343862675589
85.0,80.91720915803175
22.0,31.541437284351517
23.0,16.611544221427202
31.0,30.2248253323433
34.0,33.61287742865315
66.0,53.06193073239521
139.0,126.36835258374497
71.0,76.98049225740571
25.0,26.96137370751621
161.0,111.60565616096866
80.0,90.51733152620834
57.0,58.667599571321425
41.0,53.74279843813505
87.0,84.92193414898311
70.0,77.62167450763219
24.0,28.0111612736228
45.0,47.52566306232374
49.0,42.710553394126215
26.0,26.75662364398922
151.0,128.15757248741707
44.0,43.73263281608502
124.0,127.88358615013061
58.0,55.481832727166164
79.0,84.34171885199846
59.0,63.59743927934899
22.0,26.160937657950477
76.0,82.6527821794576
21.0,25.126617991091297
35.0,36.030750739018806
29.0,34.17885705288357
48.0,53.17873411211119
55.0,44.43793928482341
59.0,43.2641501101069
28.0,30.298565558917954
45.0,52.902721884452966
114.0,110.15842159720974
52.0,41.79750856190113
92.0,100.666803384239
34.0,33.46309813578806
99.0,101.50705339301174
15.0,20.51806893006824
18.0,19.378759314947807
26.0,29.770940791146483
111.0,108.28773079992547
95.0,106.22753537105153
24.0,25.79917890731213
30.0,30.391526171624133
67.0,95.18073406901777
55.0,68.25790714448122
83.0,84.37617486229061
60.0,40.097807912280665
21.0,27.04138331810797
52.0,56.37888313059202
29.0,27.629093506371472
98.0,95.57552419571167
136.0,120.67898066627625
52.0,50.49369325991759
31.0,37.10628413217305
27.0,28.047864602350053
64.0,65.87006819752962
58.0,45.01162114653235
40.0,50.52182924093437
66.0,56.01705102970988
65.0,63.01796603240298
67.0,64.53333326389019
72.0,69.36046031679257
23.0,32.50475556581011
153.0,145.42840888153663
132.0,106.01527523367395
55.0,44.1695361319879
33.0,34.27073005414846
55.0,57.68435826614753
24.0,26.57920940247178
23.0,28.588934272672887
42.0,39.82513910186379
36.0,35.62471017944268
67.0,53.62127537139659
26.0,38.588056212549354
24.0,22.24673066024592
61.0,65.98470888491401
19.0,18.93509798644858
58.0,60.574436044356844
54.0,54.24090881151697
73.0,71.90895991325755
54.0,57.26011562719171
38.0,37.69521125589786
30.0,29.985150510152323
115.0,110.60879249715133
58.0,57.00941261797296
37.0,36.14092892054402
44.0,43.9441479602719
17.0,19.392523882987664
43.0,44.71632998903719
44.0,45.258277867354266
36.0,42.99284238707192
72.0,67.7253384655662
61.0,66.741149980752
32.0,51.97232652967088
23.0,27.66575873313475
48.0,48.6093412945401
39.0,47.18068454651324
50.0,42.207263372683855
28.0,30.862300744772988
50.0,40.72854819842416
73.0,66.17553582188171
33.0,32.835103111157245
85.0,78.41902946610664
56.0,47.899852618522075
88.0,75.81762897788158
45.0,44.894346033930326
60.0,45.94919908711374
42.0,42.419006329635195
108.0,92.29294502978631
112.0,91.06672329041837
26.0,26.74966012791284
41.0,42.83669546644165
25.0,34.74174664335467
46.0,59.648198305818234
25.0,40.47593543950197
41.0,41.37545467969396
95.0,123.48384937370611
72.0,81.05439007290761
20.0,35.26788483212631
45.0,43.97238235489836
29.0,23.889928851171785
61.0,61.4067813098053
20.0,24.19332052410924
40.0,36.30854561607547
43.0,42.800202866751576
63.0,44.582284321258605
71.0,69.65114366165727
76.0,73.93123938408418
44.0,38.24250906478629
48.0,40.92535679974402
108.0,101.02199946260781
35.0,35.16015530409774
31.0,27.249274764118265
67.0,68.50033474094931
63.0,67.39492156541282
65.0,89.69135894256853
28.0,31.326542334389703
36.0,35.85004661282547
80.0,68.19652598839987
31.0,25.78331370890034
37.0,37.4362973502916
44.0,37.73113337682458
88.0,84.10643751459845
29.0,28.956099199061192
42.0,81.78975510490825
65.0,64.35462714951386
28.0,26.958868332925803
36.0,21.558889048290315
26.0,48.2257824563518
36.0,26.43901540464422
82.0,89.11646073143882
36.0,53.81556186081309
35.0,36.38076748993425
64.0,63.58266259578691
46.0,36.82618832862147
44.0,46.5393176719144
33.0,43.51800417034723
84.0,74.41890394520652
86.0,89.3524106566534
68.0,77.13060933870662
51.0,48.489420579802655
52.0,40.804490889964946
58.0,55.91258829178458
50.0,47.29948078615127
78.0,73.99807973589947
29.0,34.313097862623515
47.0,58.33651182277655
20.0,29.171807252310703
34.0,33.59097681574078
38.0,40.46736621872815
46.0,46.2213118791007
98.0,110.07919618846897
21.0,30.17189155470372
38.0,40.83684266854034
100.0,99.84541838602414
66.0,61.94315097848758
58.0,53.12537462041405
55.0,59.936328035958134
87.0,88.19274512413021
24.0,22.439190061671336
44.0,45.26478646511451
44.0,44.91786477835263
52.0,38.23173174036772
50.0,50.56217842236797
78.0,75.55315084723485
53.0,48.51869141156625
44.0,49.12168524400782
29.0,35.334491630922116
53.0,47.81373739919014
57.0,52.375750546047286
59.0,62.06950602530055
87.0,72.41031753629318
78.0,77.21113128068143
44.0,42.14102613695684
21.0,25.22086720031421
42.0,41.70501041248529
79.0,90.76919347184905
71.0,82.57717333174737
33.0,36.32262720568995
58.0,59.36853845860458
22.0,27.951569267362036
59.0,63.66604736386125
22.0,30.552590354774317
113.0,116.58488926597353
35.0,35.88516995463931
83.0,104.85833898291004
108.0,113.87138993505941
26.0,41.27575804323203
51.0,36.7697088398725
41.0,43.59082213357717
25.0,24.738450600088296
32.0,32.1650712787826
102.0,80.22938285550225
56.0,66.38931289676408
49.0,51.73168823652294
21.0,36.194144990049146
68.0,71.17625643609614
92.0,94.53416059165824
48.0,50.32653890496061
60.0,53.66003763708829
52.0,60.662308560166466
104.0,103.13270839968317
74.0,63.949145199839805
32.0,42.346103381601424
20.0,29.603895492257564
35.0,41.137746119412526
21.0,21.507097134522272
31.0,30.301357477169304
83.0,83.31804201483484
44.0,46.66098887167486
96.0,101.95427819832062
33.0,34.4681137238891
63.0,52.43253530244744
55.0,49.28531375762819
28.0,27.319964648783074
43.0,48.50758379534521
74.0,89.64166783158004
44.0,50.49295129715917
29.0,31.220439504379883
41.0,41.82630797872317
108.0,103.97285732160732
138.0,70.20997501578115
51.0,58.265702800557854
24.0,27.724450016176593
46.0,48.08777068144058
44.0,45.69266055996251
35.0,33.884250236264826
12.0,14.788819325114464
33.0,36.28382428764734
64.0,65.53506254756748
82.0,112.53194168387331
109.0,78.5999508811755
74.0,71.24826772220472
87.0,86.64769428536245
43.0,43.703116429663304
34.0,40.13880150732143
68.0,83.16625428913856
67.0,75.00569642201951
26.0,29.232968160548367
17.0,24.126180299706746
25.0,23.83562956647044
55.0,55.18236366546132
153.0,99.90193516181684
25.0,26.566301004918706
44.0,45.71854585429258
19.0,27.085442407923953
37.0,23.938047339680516
47.0,47.21399747111969
39.0,34.783923924904016
44.0,46.518083376377945
38.0,26.84195643973942
71.0,73.2784595424443
67.0,55.034081198493126
79.0,79.719603428123
35.0,41.617039506700245
26.0,31.755495510995196
43.0,36.21001836459511
33.0,33.91561222421278
28.0,30.456725244806726
118.0,130.28407864918003
21.0,28.62847324031891
10.0,17.480442016007192
42.0,44.884432184149325
27.0,38.712693735288845
81.0,79.75395699310018
22.0,31.301523947764483
91.0,78.36545773569175
28.0,31.973707957221727
70.0,79.82455933896213
43.0,56.653541435694294
21.0,21.573846995551143
67.0,80.527851782997
85.0,59.82232831599973
112.0,115.95516923612215
26.0,35.7256464477551
47.0,33.544537679176116
36.0,35.33688989966494
41.0,41.9956797997015
45.0,52.51654785071998
42.0,42.10546731232989
33.0,32.946420908406125
32.0,32.73238623156075
25.0,28.481861209870367
65.0,43.516670481953746
72.0,72.56292803308565
45.0,47.07363488282899
45.0,44.0851316708813
47.0,47.10670830876391
53.0,57.73356835806526
36.0,36.701734129534316
37.0,35.41295134597059
42.0,40.15336894780033
30.0,26.36944432968053
31.0,39.90291272690763
81.0,72.97995349658439
26.0,21.055855311202105
119.0,113.28474098437115
24.0,25.315486586561736
73.0,74.39156296162587
51.0,51.432566840164895
17.0,20.482082844548753
68.0,63.86097335481169
81.0,79.75743758905284
40.0,39.846190086875
17.0,19.52340412602609
64.0,56.906624074268095
39.0,41.73281084064665
44.0,43.13446216451749
45.0,47.80324171400389
65.0,50.629693861191214
47.0,46.787131567698246
60.0,57.82615576826267
21.0,38.161447569102954
42.0,31.14971363669868
64.0,75.03699461446995
37.0,37.39749076135531
18.0,19.524764459180776
66.0,52.4023152189994
68.0,71.17688322292717
97.0,92.5589593527965
27.0,34.49839386293106
24.0,34.38973013147813
44.0,44.21925490861073
71.0,79.54339789193371
42.0,42.28456902674728
22.0,23.52626991429984
26.0,26.885640945254302
49.0,56.06687543087407
24.0,22.499211182175987
109.0,114.7750966699495
24.0,24.8670125885316
61.0,54.90506247374001
53.0,56.87734714488316
42.0,38.18295972936996
45.0,45.49466232182839
60.0,57.58751751682039
51.0,30.69359113093129
43.0,43.168997656506114
31.0,27.905002982281932
47.0,51.639021899135244
89.0,90.80998895088693
93.0,87.48032927773467
47.0,32.51770248565973
71.0,71.47533529997312
44.0,44.25405848382771
44.0,43.65082128687437
66.0,57.476479521282705
76.0,63.93515516590945
74.0,69.5253921226991
79.0,78.79216781776098
65.0,63.56230785387783
144.0,151.3367333707799
58.0,47.92577445759808
92.0,85.45971441387685
89.0,97.41893802392421
111.0,99.23750289755023
40.0,38.51845341253955
31.0,29.706731993313053
49.0,56.09364801507991
47.0,43.01545015135345
44.0,43.51673335731641
43.0,42.91500186662226
29.0,37.62038413289044
130.0,91.49402388227236
52.0,54.21745743471112
58.0,53.454691912381804
161.0,134.1423058095003
77.0,76.46667245772136
16.0,21.122786409568967
19.0,28.81837586624027
44.0,44.40992367062476
52.0,55.28850549611583
84.0,94.69423215347173
23.0,29.57079650319658
66.0,71.57856039529564
55.0,60.14173516486052
34.0,37.74986255770229
76.0,81.51836486915938
105.0,73.41783687666431
63.0,68.124741214097
19.0,19.082509056593434
26.0,27.61453885178687
151.0,133.48607468856756
60.0,71.80884036524891
43.0,49.74321808934084
48.0,40.870710483801844
62.0,61.61092611629902
33.0,41.937583383239684
71.0,71.0000042346039
30.0,24.944492176151634
90.0,75.87405288002348
90.0,102.91056046429942
18.0,19.342181707292813
96.0,72.8443270960761
88.0,82.45176244278133
50.0,51.605058336503674
92.0,94.97814281588947
61.0,65.60847651836254
79.0,84.56576045011313
80.0,79.43855777363304
105.0,96.7771394975886
44.0,42.91379729396958
37.0,30.80829430019205
21.0,22.027055819994608
52.0,83.7417017109964
27.0,31.307516153180003
22.0,23.54492295124059
26.0,29.458660618966043
39.0,39.05727141779565
117.0,107.53432445544571
55.0,58.288457413751914
44.0,49.65723223948016
17.0,18.62289281659917
137.0,121.01296616412365
49.0,45.86436847305071
68.0,62.84135675707806
42.0,41.96006372435977
19.0,26.180749807530017
76.0,56.55556897467316
33.0,47.16887558007006
44.0,52.881964076385984
25.0,31.248498730453253
53.0,40.95099711472711
40.0,38.63993348566971
30.0,27.28413862527686
68.0,76.66953431367575
84.0,92.17785570168952
64.0,60.85915613942162
31.0,32.18093235195607
37.0,35.60009211236047
63.0,81.3061009404078
37.0,31.518516533733518
18.0,21.510825037873524
33.0,34.556613399256335
65.0,69.71137989625575
95.0,89.03035051559881
36.0,35.18916793586833
52.0,59.65989124921318
68.0,61.84511490274151
46.0,44.31831834875074
39.0,38.95765581867313
24.0,46.834265777694796
45.0,43.00805864040808
69.0,82.55273894538303
40.0,34.676025515042255
46.0,46.93703544121279
50.0,48.8463250590453
36.0,36.71393059385121
40.0,37.40579980510224
122.0,115.504241806742
31.0,31.751011770443554
25.0,22.938271939777277
25.0,30.794751188695276
20.0,24.836147321576032
73.0,63.271199548463215
26.0,44.1929101551128
37.0,42.96587916658825
102.0,94.4818705590838
28.0,26.306654547353723
43.0,33.34810697615263
147.0,128.2613359291855
117.0,107.0642219451921
69.0,68.48922088074897
96.0,104.9702244182472
87.0,85.45002434876527
91.0,92.1693379734787
18.0,23.694077525078058
61.0,67.86935698152982
133.0,119.38124341096577
36.0,47.960406883901264
50.0,48.193699103739974
20.0,38.56895360638453
44.0,38.19427555700259
45.0,44.37563326461764
40.0,42.22131389297566
79.0,65.21882865842348
56.0,73.94076414278574
42.0,38.32502859709016
88.0,66.41442175865448
23.0,26.60213556335098
153.0,125.49832613337834
67.0,78.29660861941994
55.0,42.04152151622889
114.0,93.43804926757926
15.0,19.256480953046722
69.0,59.46912334756112
50.0,41.44998838912913
49.0,54.94912253999591
68.0,69.53268491045361
47.0,51.36959067361883
34.0,34.03639965589906
55.0,49.78153842859522
44.0,44.906028540281525
101.0,97.22574704144493
60.0,42.35597248159469
58.0,58.63034586280284
31.0,38.17217631752979
32.0,32.916677059897395
58.0,54.88558174497135
39.0,40.21134200117565
78.0,93.03909388068479
28.0,28.55015350683287
56.0,61.34553833881942
23.0,28.102711565616207
85.0,77.09978179013747
56.0,45.86044184245204
36.0,35.94708166373868
30.0,30.380063693067918
45.0,55.850753921142285
32.0,40.54216247201226
33.0,31.550900844028316
39.0,35.22981267162718
25.0,25.407918206309922
135.0,119.49937197410941
47.0,41.061009742416786
46.0,53.473822439015244
66.0,72.53006103687171
29.0,29.333538952800403
120.0,117.96742014502053
101.0,99.42899662373583
22.0,22.80917186167654
57.0,38.082789973419494
41.0,38.10534948694536
22.0,28.378383860740346
29.0,28.88418767753241
22.0,26.131477181797848
31.0,33.62719237554807
33.0,33.68136322092155
57.0,45.180116233797364
54.0,49.92358321863869
51.0,65.76355409175119
33.0,32.999343119333346
21.0,20.9085875187643
51.0,45.01844090358319
102.0,84.96960778348972
80.0,81.53734952760733
20.0,18.681725235488976
29.0,26.046016579190816
31.0,33.86417690059196
152.0,137.15856436072085
69.0,69.80837351532283
84.0,82.47883620171457
33.0,33.16699415339904
42.0,42.00845011897996
30.0,36.180375928379476
97.0,80.8563668779506
149.0,124.10124433449754
86.0,80.85028010786905
55.0,52.659480912730785
39.0,43.65945107248058
99.0,140.45236266443445
35.0,43.163240906281914
49.0,55.68946242470665
104.0,96.85236471539912
64.0,61.813268628579195
60.0,55.37508075044553
19.0,18.934356722610097
73.0,73.88138853982848
35.0,36.81472727659962
33.0,28.07879686400542
116.0,73.1923479853559
35.0,41.995990264901494
45.0,45.550333133607865
151.0,156.86014970702487
21.0,19.97557696201904
75.0,53.94139515397974
49.0,44.93448229068056
21.0,24.902499592019364
37.0,39.87084238919684
67.0,62.66109438146716
116.0,121.11114181779843
69.0,70.65205781032552
37.0,35.928749198423674
51.0,54.76194178981286
57.0,62.84361718147246
42.0,43.59444104914309
53.0,56.50729187265741
192.0,160.91909391534392
78.0,63.06581803086869
24.0,25.692494807269163
30.0,31.347579398805784
33.0,34.149542907950035
96.0,107.03375067062419
63.0,55.375783780914844
23.0,29.45409483930185
22.0,26.503441794578578
53.0,48.88169443580124
38.0,40.8094671683332
106.0,121.93723721575248
48.0,47.11358603314032
25.0,21.879336901900842
69.0,66.18794437091417
40.0,42.11884969327654
54.0,54.57886454832768
32.0,33.68072958720538
31.0,33.64752196265437
28.0,30.707236959267142
18.0,21.87054234445509
67.0,54.607782864201816
33.0,35.36841025220236
54.0,53.90945469212478
42.0,42.44076462742446
25.0,20.44721484277096
34.0,36.85800685844951
27.0,28.58260941422856
21.0,25.806906122200925
50.0,49.11215455768836
69.0,62.352878532640176
43.0,49.220465120485024
23.0,30.78474229303936
26.0,21.89994961320568
58.0,67.07413096811017
91.0,103.56825035422506
52.0,39.61168649915521
43.0,40.77239298579929
44.0,53.938687306612586
54.0,67.57123520373386
118.0,113.79111180116229
33.0,40.56818712216777
24.0,29.63303208163249
50.0,50.308255537783566
67.0,65.57611740398539
34.0,41.215175313086284
60.0,56.68223619024036
19.0,30.25699431673576
26.0,26.361602361806902
21.0,25.487357930732433
18.0,18.599746821267633
60.0,57.711965945480536
85.0,65.01137115336653
53.0,59.814893743062484
104.0,101.90063431387196
36.0,36.50261632835643
19.0,28.913727523351213
24.0,21.69009234489838
22.0,22.123312690915807
60.0,57.82514185484828
105.0,89.27486876099175
21.0,25.561809786234083
51.0,50.98740122925506
98.0,110.53113833096299
35.0,24.915242783371546
30.0,25.363436172890864
165.0,145.47324173128501
24.0,25.52285733924889
28.0,27.69653961954209
52.0,35.78572535605942
51.0,44.74431450670223
44.0,61.70752224284993
50.0,53.728219136568896
22.0,22.42461130239263
62.0,57.2193867835845
38.0,36.09274918613925
61.0,53.094348096743666
30.0,29.81161971569569
40.0,36.75415678498838
33.0,36.21581921117697
48.0,46.1303105774145
60.0,63.46619411128071
12.0,11.963361976410624
91.0,105.44653003212312
26.0,32.25439376033907
48.0,48.41370434094608
115.0,115.30932437638901
107.0,90.80025071296154
58.0,57.51995827640334
28.0,28.87291943365391
101.0,86.59930325737282
54.0,54.641119563238576
17.0,16.195818173760788
47.0,46.75398731622447
164.0,133.6720053550094
52.0,44.71035941344433
39.0,38.24476412050496
31.0,39.0829692892429
33.0,33.605060523269486
29.0,35.15779520445686
57.0,39.190325683634555
74.0,64.64486120271049
30.0,27.686234687889655
41.0,45.71009053405594
46.0,52.180358556090134
76.0,80.62374131611143
43.0,40.0942948807412
105.0,106.72639543533676
124.0,105.49163192008048
101.0,99.0720054883328
17.0,28.068684443596787
89.0,86.17153402271892
98.0,105.06684114643026
117.0,97.36761035592977
31.0,26.412616392958014
64.0,57.26362030405836
38.0,37.6670876762476
32.0,32.374210857766926
67.0,66.40610670354312
51.0,56.83068994195809
52.0,61.77042172652063
39.0,73.48892526496526
30.0,22.784361272983936
19.0,20.002791636993557
28.0,39.3824820394796
68.0,59.17872406563875
31.0,32.15086385960521
80.0,68.30525679368402
97.0,91.87222542880563
108.0,113.45299514644336
29.0,28.720531595592
26.0,26.807987845085812
20.0,24.28762827187936
118.0,104.12998965443437
19.0,20.624553892561256
32.0,30.688544777144166
31.0,32.60302493700366
30.0,23.794611488199827
79.0,87.79847573669197
78.0,75.37372915715234
80.0,82.50131827235036
27.0,30.77188910799792
48.0,55.457502776453126
26.0,27.821506001828958
40.0,40.6449427922239
29.0,25.866134678055126
47.0,61.02089856841433
38.0,36.81874986195983
93.0,94.33152184501755
53.0,54.84240658752803
38.0,43.558954557980904
24.0,24.664139485332548
58.0,47.04383216317985
36.0,49.85791633693092
131.0,136.14507874947827
34.0,34.289537589354694
101.0,76.60265936233196
46.0,43.05847780991715
21.0,25.389958095021637
35.0,36.06755223878183
27.0,48.50131256470836
34.0,36.42963831191183
29.0,29.88237513393509
131.0,125.27243728308704
40.0,50.375276052400196
15.0,14.863243387739823
66.0,54.474971836271166
38.0,36.78871464409312
58.0,56.729131034680485
102.0,80.12356657522534
81.0,104.17742686074921
32.0,31.117340305229604
19.0,29.810531445276432
51.0,57.30353528518716
15.0,16.293485936157737
43.0,47.26713003982482
125.0,119.4597216472866
118.0,121.67858153028664
26.0,26.534889884033216
41.0,41.46436885473293
50.0,59.43455156143104
56.0,52.11557069082346
120.0,98.30952020026157
58.0,63.651473578471595
34.0,38.75333733339322
131.0,123.1911160138864
103.0,97.74883395611374
43.0,46.57330320437479
43.0,50.25754820676369
20.0,17.542884151766845
37.0,38.489892834411954
106.0,111.69614207551089
65.0,75.28620208969024
20.0,26.974139081260557
40.0,39.10088775633197
49.0,43.23499916172672
16.0,20.517571298557947
73.0,69.73801683073332
87.0,88.84548642055053
79.0,82.38420285283675
18.0,20.385515399997583
32.0,40.09210554333952
77.0,70.04338882058589
35.0,35.21921012568825
39.0,45.11566675177357
33.0,39.63254474363269
31.0,31.111258536082392
42.0,42.91600185998145
32.0,31.22457951587325
32.0,32.570755335245565
103.0,116.79624008088491
32.0,34.82964396822202
27.0,28.760673731899473
45.0,47.15419719568042
20.0,24.378552969393578
61.0,59.07759258949372
121.0,126.9819167200795
89.0,86.66841770572854
60.0,49.19900972190454
75.0,44.43206516078264
33.0,32.51660212042685
113.0,99.49817269351917
27.0,20.642883831199477
80.0,90.53018264991039
31.0,31.381913006875987
59.0,63.21592147908917
122.0,84.94827690531466
36.0,35.71725746102075
33.0,33.00946592036493
80.0,75.55168856688735
78.0,76.44809764669384
104.0,78.11635709690685
38.0,44.6362870377275
51.0,54.00174735126239
38.0,39.61238527355038
144.0,121.33430491604386
19.0,25.911473076173415
40.0,45.21022191523113
21.0,22.639726485877834
78.0,87.42153249376861
69.0,46.918443209757726
47.0,46.333417476253175
71.0,66.97021486103037
39.0,34.42220058436142
14.0,18.51564014016629
38.0,48.685618623968594
166.0,158.91141330891324
32.0,31.472796298769847
40.0,51.129794853145206
40.0,43.432594786452874
72.0,78.7084797505556
74.0,63.19512690480808
18.0,22.7895145268037
40.0,39.72544165471499
151.0,142.0129566683103
95.0,70.03154916907928
33.0,33.59224876338685
35.0,38.17587660775838
130.0,115.02180470921867
120.0,125.12595559405635
84.0,82.25168396117296
79.0,81.59698486768329
73.0,60.95400884392332
18.0,20.291282196042847
54.0,36.3221279224334
41.0,47.18092027235309
7.0,10.417267925083815
29.0,32.049795342631
62.0,60.990570144292626
44.0,46.369880685962144
52.0,51.55395429857875
34.0,34.878130064848136
39.0,39.11149192093897
72.0,70.86135154827443
19.0,26.507391280527727
26.0,21.109928885191376
26.0,28.935027997431714
20.0,20.819758161394404
70.0,73.69599594630145
116.0,98.49472419808518
136.0,117.72340998767415
104.0,105.60452481972749
52.0,43.70730956095164
31.0,32.45726576701739
27.0,30.474878078493408
74.0,59.971919712639355
24.0,36.07045658975481
27.0,31.233100413712283
18.0,19.321062703435228
32.0,30.917610761522578
94.0,77.42185879415807
93.0,84.02157164942481
30.0,32.843443954733225
91.0,88.18126830295941
55.0,49.0997224536266
82.0,82.48910830833219
94.0,83.61920552073927
19.0,20.00660657047071
154.0,116.83503490838989
74.0,73.36776392079375
156.0,129.56199459643034
33.0,36.48984833950557
82.0,50.39726471768056
24.0,24.76185427342167
99.0,95.25946834655639
20.0,21.37648473235744
32.0,43.81334381598284
106.0,118.97093494442998
34.0,36.42648865558034
56.0,49.07289432454666
54.0,64.86627240673974
33.0,36.603283935549975
25.0,25.40293297150309
98.0,72.10694073012748
146.0,132.24605236287294
18.0,19.12501435871736
85.0,92.22525108061024
132.0,137.6790061554481
40.0,40.15953125910487
56.0,55.99675690334904
88.0,96.57675477870035
33.0,38.46342325266199
42.0,36.87368863159303
69.0,57.9398000818488
64.0,70.36018040023394
74.0,70.54774295279894
120.0,128.09611485842663
128.0,103.17182940465709
104.0,99.3190232250421
37.0,36.62720742398492
26.0,21.92022059218734
22.0,21.244907410884817
22.0,24.188886390596043
25.0,26.07862019486173
55.0,52.76232395549701
51.0,65.06906107180367
51.0,41.978921976377315
40.0,41.23184721343127
35.0,34.30721019709038
97.0,97.21614597091565
60.0,55.931850247604416
38.0,37.05291998271791
44.0,45.580327517759926
34.0,30.6664218960879
75.0,88.8650520575406
21.0,23.050755505556797
99.0,90.63501454727917
21.0,26.344194956054
26.0,30.383403624567972
22.0,23.86826217447561
27.0,36.98973413920552
57.0,43.35848914631751
25.0,25.874567298572067
65.0,75.73535253226038
136.0,124.25580847194085
65.0,68.29813829039676
40.0,44.158533492415785
92.0,89.61055220648402
121.0,119.51437835714559
37.0,29.154010977229305
54.0,48.44021363451639
55.0,56.61173684678863
67.0,69.68854365026695
94.0,94.16812227583596
36.0,49.460516199065744
113.0,98.65805739189112
48.0,60.46738864208723
21.0,21.507869366590466
80.0,84.65275575494867
95.0,83.9828376904814
27.0,37.68640310359196
22.0,18.39647717659733
136.0,140.2471933006377
67.0,73.13306597447423
70.0,45.144792937930475
61.0,62.70731577675987
39.0,39.63722997009585
117.0,106.6325937601232
97.0,102.69786632418432
27.0,27.08136837495638
132.0,127.25287085289355
49.0,48.236772938098554
54.0,51.89750940252772
33.0,35.14674776875931
59.0,66.25771215508854
44.0,42.49392389370698
43.0,33.890873465592904
137.0,90.3347619041803
77.0,63.10918027527363
38.0,34.538901845897364
42.0,38.481156653191405
53.0,50.189175811054476
31.0,38.17640970385214
54.0,53.44118140374546
64.0,65.40012974327837
46.0,50.553631408734056
41.0,51.421747242017574
15.0,23.945362304794433
72.0,69.62147471149686
46.0,48.138554605758465
54.0,67.2165918260373
87.0,85.60834496987458
37.0,49.01295641798708
69.0,70.63455326491182
73.0,77.23946938927944
84.0,103.17243519251555
123.0,92.0642315562433
56.0,54.001487431868696
40.0,44.88115245910466
40.0,67.27122210328626
88.0,81.534062068193
41.0,40.54682906088282
74.0,76.81532629992425
58.0,58.941118484292524
77.0,81.22835772940756
124.0,110.95657605726252
19.0,19.539526888655484
19.0,23.8250836239371
23.0,40.258843434937276
58.0,59.03868785274228
26.0,26.423186577790922
60.0,66.78374447492966
54.0,56.62434845003153
28.0,32.688534070945614
37.0,39.47027745845187
72.0,93.38932349007659
95.0,89.31227159262093
27.0,20.20124144067493
62.0,75.34350780582494
99.0,106.54623356135407
59.0,63.79141851763918
32.0,33.94226197913882
43.0,43.78303434314993
82.0,88.45698318828389
77.0,77.88923661227324
23.0,26.739772175304417
101.0,79.74019935890063
64.0,62.61009822117044
126.0,99.98021854420416
62.0,52.81748420783614
16.0,18.40549810511894
32.0,31.168895436540893
34.0,31.917355917013403
21.0,29.184893125004695
66.0,64.39035078767203
75.0,78.85782247613403
41.0,44.54131722244693
39.0,30.540016812061527
67.0,68.52404813008374
57.0,33.63592813603119
36.0,37.60275299692433
32.0,32.60322239298991
55.0,54.19152510584486
61.0,77.44336351000021
63.0,72.07447955268974
28.0,35.866086344244536
62.0,61.72716157919395
77.0,55.02244169667041
56.0,64.55907215680018
27.0,35.4005989327456
83.0,98.25203999849647
37.0,41.63455081392802
54.0,51.09408788783846
61.0,56.295161451028385
25.0,23.945958673366388
42.0,59.95314820993446
52.0,55.43360288274282
42.0,41.6646797830434
55.0,52.640200581511685
32.0,36.08900286120711
63.0,64.57675617747577
113.0,98.6916590853565
25.0,22.554764786364405
87.0,86.79024318654155
152.0,135.12118148241848
115.0,113.25648689782523
132.0,132.3498407570564
104.0,117.85036645305685
30.0,29.926019291607684
21.0,23.002376913027742
34.0,35.00913120443788
36.0,35.49443900273995
25.0,25.266711076155403
91.0,81.59686528115688
55.0,40.951561185706886
25.0,65.48996889675894
20.0,30.487654697978098
32.0,34.310816290404205
30.0,39.50756611700474
20.0,19.250729176182197
75.0,68.977990054668
106.0,89.76544273271749
18.0,18.29227458529663
58.0,45.191896381229625
106.0,115.1174182715164
32.0,33.53828188596279
48.0,32.635925315287935
31.0,34.95251886580347
54.0,53.696889925322914
19.0,23.98322371048908
55.0,41.07600767309807
69.0,50.57264046807666
38.0,44.450442989119104
27.0,25.271600480542432
24.0,35.16948049919408
55.0,23.920829178682123
39.0,38.80648979182073
54.0,55.87289248935121
93.0,73.63410109361847
25.0,28.391142603306644
50.0,50.986224130633644
65.0,73.98847224118579
47.0,40.91283986343718
18.0,28.063546565248533
34.0,28.595526017082943
47.0,45.040637533403654
77.0,76.92531221169058
30.0,32.39697205291043
43.0,58.32748895723424
98.0,103.66036521016963
40.0,42.63928029757835
48.0,49.99265861018225
112.0,112.40201982971622
71.0,70.36758962101834
33.0,30.805786664739728
64.0,64.65027242809943
35.0,37.81065568960138
71.0,64.07257837625332
65.0,74.62314757049579
40.0,38.7790065226363
132.0,105.62448665262232
46.0,42.12398602176109
46.0,49.876678587234636
139.0,133.1671705578783
44.0,35.84940899375242
21.0,24.70197262987098
44.0,43.92784278691333
29.0,25.526839289373278
52.0,50.50422445049381
59.0,65.27569278823532
79.0,73.52049147503357
98.0,80.49128025178521
98.0,78.27442450183432
26.0,39.33116367523433
76.0,70.52238212859795
16.0,27.166628770995445
35.0,36.25049717255714
115.0,116.23711138388748
60.0,45.284567824649436
91.0,89.1960019247827
30.0,30.827985189581522
28.0,26.638506313771735
48.0,49.85690049748504
44.0,53.268553210859935
93.0,82.60877984188927
32.0,35.12091081487832
41.0,42.900271164071356
32.0,33.424377219849426
13.0,14.789485172419464
54.0,50.393839239601306
30.0,38.752782761510296
79.0,67.15609731768433
97.0,99.9439865878216
78.0,86.68054324602085
141.0,129.32248872628824
61.0,55.128357609981215
39.0,41.59712762791721
114.0,115.87216258416568
54.0,63.38029728950292
93.0,74.5072403244007
43.0,30.96489106784935
42.0,41.88869169552755
36.0,35.92445003375657
54.0,55.04008101419564
40.0,28.8967853238088
34.0,43.11066820527789
19.0,25.4096132668921
37.0,29.524049609038578
27.0,26.793362718248677
44.0,43.166429095424675
82.0,56.710921731311615
30.0,29.408098976485583
90.0,116.00881465550167
10.0,19.03774849219803
37.0,35.07948911280906
16.0,18.82335010720568
54.0,57.752293333564616
54.0,42.35095897483888
33.0,32.88140632266191
31.0,32.21442580818383
45.0,44.62920148622251
132.0,104.67382575757577
35.0,41.64312581922821
16.0,16.895876952082528
31.0,32.21609665899139
92.0,92.62824774739356
28.0,28.773977837683965
31.0,36.084360845557256
43.0,32.13951580667597
64.0,52.686809064226345
69.0,63.346615870446946
39.0,37.648991419841565
38.0,42.768511494922684
90.0,83.86834555121894
65.0,93.44908656597224
65.0,98.82609299170115
63.0,50.436475704677314
63.0,41.700772084136126
38.0,37.242904045730214
33.0,32.60291895066654
27.0,26.39217454870096
35.0,40.573005663937074
25.0,22.58224468081261
51.0,34.24228831788956
29.0,26.345288059739506
32.0,32.5841916466885
59.0,43.2474425705938
63.0,56.60838662967624
57.0,66.32355447003724
60.0,65.99607415987788
33.0,32.9033534588514
43.0,45.34895871650442
30.0,33.12656374886278
30.0,30.326669543197507
67.0,52.32654107076008
56.0,50.95854676704303
37.0,38.70512975605943
22.0,25.241173778801627
36.0,36.7931624225586
49.0,45.10123013680938
40.0,40.1113786818409
82.0,77.92844975120009
30.0,30.781673194356088
23.0,27.966939025386015
84.0,95.37053334691207
40.0,41.5368054915025
18.0,14.914594455467487
54.0,57.71679768076813
46.0,50.909588082099425
56.0,64.6309439642922
52.0,50.73623269575685
65.0,59.3029415206586
49.0,48.91324964655697
14.0,15.682573366133324
84.0,62.914296587873274
42.0,47.721055624691076
56.0,63.991575266680606
24.0,23.12295674755169
38.0,40.63124515662696
152.0,141.37577518581207
66.0,57.99703800335306
37.0,45.28505591057585
44.0,43.102939585773036
71.0,53.85535785349684
40.0,43.87838617146681
35.0,35.00681577838209
48.0,47.17478930124094
30.0,30.833245305900522
22.0,25.271824547267656
24.0,24.139752366652157
38.0,40.13229005988441
102.0,112.35270045027083
77.0,79.15177814323674
142.0,126.03567407525694
35.0,37.98089925722022
42.0,37.62980040558855
33.0,33.175354879175664
58.0,45.44521710909235
55.0,54.58510501924978
64.0,53.952031461523475
67.0,60.85350874527203
38.0,43.860166904463874
44.0,36.103804473779604
49.0,48.61838572828266
31.0,30.916162544411584
73.0,68.98128644455274
87.0,86.0185435266632
76.0,42.344591869109294
56.0,54.59890587714743
26.0,27.393782606386722
21.0,21.95754371297737
36.0,36.5401877135743
43.0,54.55905544728252
33.0,34.767761517755
76.0,86.35168919350893
21.0,27.160978738470813
76.0,88.0316845594539
66.0,68.46772444753486
67.0,64.3577814254908
25.0,23.86219303051514
39.0,37.75796013757823
35.0,34.244437747184456
67.0,74.48396388168005
21.0,26.911413349984795
26.0,52.38377738791776
23.0,26.036350943443505
22.0,29.159990681863963
81.0,87.27712341998038
51.0,60.484908571903574
39.0,46.93035360066225
92.0,90.74780544474007
18.0,20.920599010949516
33.0,31.379055430518104
151.0,137.21319827801278
23.0,22.528031321699377
116.0,127.04211146156972
16.0,19.403987866713912
31.0,38.27442702143397
42.0,35.98378945512739
52.0,50.31136383943364
71.0,69.86506418528398
112.0,110.67203157624517
33.0,34.389501321953226
54.0,58.09282007139509
53.0,49.374621653520876
20.0,15.425295948899038
44.0,26.311057196655046
35.0,31.21868264676905
99.0,94.48826210599836
58.0,49.24313819730426
127.0,106.49613034115913
37.0,36.38135674159802
82.0,67.37816416779526
87.0,83.97724593824249
69.0,62.137570378080326
19.0,20.08597520898928
61.0,68.3498327597815
40.0,53.82567851231485
34.0,44.507022637143244
109.0,69.9755167162797
55.0,62.23599689050483
64.0,77.05676537149432
78.0,62.949950683652524
54.0,62.14803595213007
60.0,71.60782057538468
36.0,34.83218410952528
119.0,76.83368436385605
43.0,42.3103438754229
38.0,40.339528400922404
29.0,29.143269530619296
50.0,54.700821452485044
69.0,61.38368378701032
22.0,21.795402292343233
74.0,63.59897462049472
41.0,65.10374535064818
123.0,122.19447417725799
31.0,30.83734795815489
18.0,21.33956102105054
78.0,68.2696030664891
35.0,34.863886364953
64.0,62.8932893774801
38.0,42.622968853967066
39.0,40.0019510514784
45.0,63.511395477521205
45.0,48.528642869714105
43.0,53.63732337546963
32.0,37.77916119980986
72.0,62.30315643174405
15.0,16.22189507047151
52.0,66.7470515323995
20.0,26.864186326213087
156.0,135.74601731601732
74.0,72.92960932156303
51.0,37.174402114349654
22.0,24.47000653090426
37.0,38.412285763792276
58.0,46.19080075660286
31.0,32.106328348369296
28.0,43.17014423640013
44.0,46.19557053447383
62.0,65.01683855855194
90.0,94.07892086127383
114.0,116.04106138362027
62.0,66.55998037225562
35.0,43.88010910432182
60.0,52.066298927303514
67.0,72.39841822503588
75.0,61.42967145907978
32.0,35.026195101856224
59.0,62.84754662546304
31.0,38.83054592083538
25.0,29.452548544187486
113.0,100.99782440518793
81.0,89.30322794952856
112.0,103.47977153053237
24.0,29.909176121231386
52.0,46.737978609269284
52.0,41.08063234264822
36.0,35.74945577633934
36.0,37.18645511112917
49.0,45.25345288538811
49.0,50.379375549826825
57.0,67.79823958738696
42.0,34.931635892467426
135.0,120.88885958314812
46.0,45.36811452359049
36.0,30.580684091587024
42.0,58.15224712854128
38.0,41.73358574613167
40.0,37.54109783214475
27.0,26.32119543684738
95.0,97.33787477400072
30.0,30.93256302931469
36.0,36.107835548964616
25.0,27.247781419599274
40.0,46.87329713369057
47.0,43.400773228272655
83.0,81.22872854791848
123.0,88.92009309319783
105.0,101.06270813200567
31.0,35.194056447228974
25.0,26.575808314250423
53.0,59.866327943994285
74.0,45.11765613378637
30.0,29.0854674886033
80.0,85.71796265981715
29.0,45.29282740238226
63.0,54.344168697166396
143.0,127.05996143084852
43.0,33.51395995639618
35.0,32.8571512632732
38.0,29.569947878144504
22.0,25.98860565964657
52.0,56.439609751166614
156.0,125.27141310271517
41.0,46.69057155432507
152.0,141.87599151111402
79.0,85.18778665578803
38.0,48.232523373656804
85.0,55.52984002834371
58.0,51.272042604592976
32.0,34.44395300326184
21.0,22.686603380586224
33.0,42.32259077413593
43.0,47.01410544773929
30.0,29.122076105695918
63.0,62.69371878429573
51.0,47.031083260862644
137.0,140.08861322754365
27.0,29.687477716982055
60.0,52.99067693699669
44.0,40.7773459046493
40.0,39.217754400599866
46.0,40.40267263669095
53.0,56.932605892573996
28.0,23.3165063970349
60.0,79.4537707150382
29.0,31.61472463068983
64.0,64.89665774425615
60.0,57.57667159636661
25.0,22.09080644341639
26.0,41.720538395941176
80.0,72.09310555406049
38.0,37.05899287257282
19.0,20.849952379974773
31.0,32.812169488563
43.0,41.857652220113
35.0,36.215176262026155
69.0,60.66178651285101
49.0,53.40646273490703
13.0,18.62636055644398
11.0,16.56568751252121
30.0,34.90842477352735
37.0,37.366251074875095
28.0,32.90577048792024
65.0,60.966069385104554
52.0,48.825302012231106
67.0,69.22077962677798
18.0,22.013103690184114
95.0,93.74567398233897
74.0,61.00333735778349
67.0,69.8928119415761
23.0,21.718492818049874
31.0,33.42174352667609
19.0,18.20094378159521
28.0,29.471898096567205
58.0,50.999624570895435
44.0,44.23359954885054
103.0,78.8650201103788
39.0,43.69868720807062
35.0,36.223516679609105
107.0,80.56132613517858
41.0,37.149233220458385
46.0,37.52119459098969
33.0,35.465183060141584
25.0,27.124620282826143
47.0,50.68280592486447
88.0,91.73232634499186
54.0,63.17161486095586
151.0,148.30421889654386
40.0,45.27621825598123
49.0,46.701584596732104
43.0,56.99970361171832
100.0,77.86735558645644
25.0,38.39116994239021
37.0,47.41811435234772
37.0,33.470809924319695
66.0,60.470226404616874
69.0,70.78744836093281
96.0,97.54063261804617
99.0,101.32155674047202
25.0,31.045059462538948
55.0,60.99400983383082
79.0,84.04514898040607
78.0,70.8094312301759
77.0,82.4445236137026
48.0,33.06675382104806
31.0,28.49051391064586
108.0,86.97603907410226
154.0,117.24277617584288
81.0,93.01814750024946
88.0,97.2774105462075
106.0,72.47031106501434
19.0,23.814418702541264
25.0,39.52342477714652
53.0,65.29666695465845
30.0,29.9543468588005
65.0,82.93205167034263
41.0,35.977225490700974
45.0,43.71688891297734
18.0,20.20142295882714
30.0,29.532779347468008
36.0,51.47058977767109
41.0,44.88090927446725
119.0,119.87630809135047
47.0,39.921628837054094
25.0,21.878254223672602
69.0,61.795729252488975
54.0,51.32483379969009
18.0,20.468643464183497
39.0,40.35437656241094
46.0,51.16854542733305
36.0,53.39245753338443
83.0,94.4012185880909
59.0,46.01747955831148
98.0,88.63071850749515
76.0,69.72438833538266
37.0,43.73733926294355
26.0,20.970244129729487
71.0,60.49929061538421
89.0,87.33458983301179
53.0,59.36310626239323
25.0,26.61561535330878
65.0,56.42312460768617
25.0,33.64137322519521
27.0,29.711749019183262
43.0,54.365639060882586
70.0,68.44749330763271
50.0,63.06102141220172
95.0,103.00500888653495
34.0,34.5788325318144
66.0,81.85192501145339
56.0,52.100635466353665
55.0,46.455161012915546
29.0,33.98106016305599
91.0,96.72349374565242
57.0,60.49755900662713
24.0,26.627708166452187
63.0,53.95417045511467
30.0,28.874346664501324
65.0,66.28215646023331
71.0,54.97470829509696
44.0,43.81882396709397
60.0,52.5890525806482
41.0,45.59552906948107
24.0,28.09266563188258
91.0,95.61625953897163
91.0,84.81737502365553
90.0,88.76403778562467
56.0,38.9635902300301
74.0,65.08680394485926
24.0,24.502152602955096
61.0,60.261939010642735
33.0,32.92868059158392
109.0,88.84070890851099
23.0,23.766349099654285
42.0,44.00172880393377
60.0,51.751169970896974
52.0,40.51808000918108
75.0,64.79302349966831
72.0,68.52984497654718
34.0,36.1121596189467
115.0,115.22472448835805
25.0,30.314824283274667
105.0,118.80210616678694
118.0,116.33844415191793
44.0,30.14232454546181
90.0,62.574748815149086
112.0,106.37145936594986
24.0,18.682033646413213
53.0,52.982329656724964
89.0,80.65038129764483
85.0,80.70438317246257
59.0,51.93530547594493
69.0,76.49780002323216
38.0,38.761008491898416
73.0,58.02258194868611
71.0,72.84607070064503
37.0,48.79717362392135
40.0,41.16026886386908
137.0,125.45253527600724
63.0,41.1713591154232
96.0,95.6664958302203
85.0,71.17413369693956
114.0,128.0818694836589
97.0,101.09723494150347
66.0,62.62718922029284
80.0,78.41081062338215
23.0,25.694536777988887
45.0,44.39620495937875
38.0,38.08031494815454
85.0,79.12133115337787
48.0,35.149417080431164
92.0,73.7150340132614
33.0,38.79155209154819
140.0,132.02014078192252
85.0,84.32179706148348
39.0,38.411230447362
17.0,19.65200060846104
55.0,57.993418408404246
23.0,18.871153605330434
62.0,41.34144098980114
61.0,75.09802458948762
85.0,86.52166732892584
42.0,41.60819413979126
66.0,42.815536325819025
22.0,32.06561962870241
67.0,60.66876621529808
30.0,27.91556284297424
41.0,44.9058613019033
86.0,92.14211364199163
63.0,49.50903771592251
72.0,82.53854754167902
35.0,29.009184732202495
68.0,67.72880878556393
29.0,27.993828362301404
43.0,44.626699094229224
26.0,27.79461688434569
37.0,39.32232430458233
54.0,52.99300690199319
86.0,96.4738879326254
142.0,127.58389786188877
65.0,39.26641146168558
36.0,44.346522698062714
63.0,60.84193873974114
57.0,65.43818060292314
58.0,57.90685174204034
22.0,24.092964085871422
25.0,24.034893696250165
45.0,48.229510295617864
80.0,82.92452337653985
37.0,35.94827826142418
53.0,47.2993504085538
132.0,120.59351106617557
25.0,25.54071573980845
17.0,15.182247761249391
40.0,42.00080231344721
28.0,31.530256795891155
80.0,79.93735616173583
31.0,30.814309390273035
48.0,46.24233443598116
26.0,28.70246647163468
49.0,50.46713213459064
46.0,63.48857785143285
42.0,48.58486804091083
52.0,60.80603769431889
84.0,83.15557020567242
42.0,44.5035916410258
26.0,29.653051758474927
40.0,36.99687407540982
84.0,62.206785239035746
38.0,60.12854641128921
42.0,40.99384496558022
45.0,40.83819318481664
40.0,24.231361197811363
27.0,30.71748689247146
39.0,43.06678885589724
41.0,49.20925759830925
54.0,53.24413936759494
70.0,78.03516528886168
59.0,53.310827453417986
76.0,69.9439875722572
29.0,29.675174148693866
36.0,35.80919220118376
56.0,59.312511265850155
35.0,26.930099742598607
67.0,66.47052039666062
36.0,28.694810695214258
67.0,102.53613326709106
25.0,24.830519763816334
90.0,93.6432744134517
42.0,41.88681074095611
59.0,74.6317409085123
95.0,85.82320095440447
63.0,81.9342467860948
90.0,71.10939446437027
24.0,32.64663530865703
38.0,37.80431534919263
126.0,146.93332079953328
27.0,32.398234698817205
47.0,47.642714468299964
37.0,26.85067380215371
52.0,46.23935950198243
30.0,31.6414759398339
96.0,102.74501654590144
44.0,37.66444900280997
19.0,20.030613871236373
24.0,26.212226623251514
75.0,74.49756690913362
97.0,85.3526045664171
159.0,152.21861111111107
31.0,31.49820398465191
35.0,44.26476893647618
66.0,56.06079361057928
46.0,48.427583818611616
56.0,53.97572916574448
55.0,48.59715937633628
84.0,75.39952994510213
45.0,25.993006414532125
87.0,69.74239842187264
103.0,72.26174123452907
38.0,28.57045554244809
30.0,31.11342408500916
60.0,53.602908259810796
60.0,74.38722840193853
34.0,34.65477448729656
66.0,55.1018704133291
161.0,152.6314465671607
24.0,25.25874982252744
57.0,55.55179640929313
36.0,45.963289258858474
80.0,76.97981251577662
21.0,21.66456832149858
103.0,90.17955018091453
21.0,17.049375890592852
60.0,49.69029133380691
37.0,34.90572906438254
26.0,34.336540916953936
46.0,39.35730455786063
105.0,103.77108133192051
58.0,50.434727001260185
29.0,34.643831003602166
35.0,35.283907422226186
59.0,71.56162333546193
21.0,27.06592460242796
96.0,74.24357451288857
80.0,79.56341567285286
49.0,56.50225619509313
36.0,35.099040244788384
54.0,40.04252681017694
52.0,46.54500068672599
37.0,34.84757876019887
82.0,38.594335395464334
22.0,27.539908001820372
29.0,38.917639712692555
39.0,32.90653800605263
79.0,77.25549485900041
23.0,26.618847478932853
26.0,30.912847135703643
32.0,31.173533234085255
37.0,45.34885881412102
52.0,57.366580359488886
43.0,42.444189248793705
68.0,73.17235150850863
40.0,30.526101896902507
36.0,21.74398136003071
61.0,65.7473010659622
18.0,18.303483872070515
79.0,32.785752983292724
45.0,43.45817142423034
97.0,103.57838581871943
69.0,71.87509783629999
47.0,51.05049836294136
80.0,84.4659755015015
94.0,84.4163741666891
29.0,35.448700516499684
32.0,31.848044896618667
52.0,90.93288839639366
42.0,40.649061086124064
43.0,33.579173649997166
75.0,58.761330135083334
136.0,117.97743125701457
44.0,44.482684962265424
122.0,127.29688391981736
58.0,60.6134203963265
25.0,27.650346226590834
87.0,79.23372891235977
154.0,154.12584806932853
22.0,31.775737381184168
70.0,73.34334213801672
32.0,42.29666091984997
62.0,50.83560619620168
74.0,77.95080070134729
52.0,42.734717766222985
53.0,48.665496677845354
41.0,49.03147642263935
43.0,42.955141147289666
31.0,30.699521174630775
17.0,16.276165862871842
33.0,42.41684690395334
104.0,98.05836819912254
22.0,25.052214608118216
59.0,71.82490346706253
46.0,44.13726162876969
54.0,46.932988749737
60.0,61.055416937413284
130.0,104.59475021077681
33.0,39.04098309789929
82.0,59.16889909797003
43.0,52.39061895782564
36.0,37.457773792186934
34.0,39.285950111181556
43.0,40.90862987446697
64.0,48.78893659643509
32.0,31.009036522351256
52.0,65.96942771795642
33.0,32.89225954868243
64.0,80.51878612882284
72.0,57.81552032779057
43.0,44.01679633978736
44.0,43.71692297115229
43.0,45.381483041148684
25.0,26.174269750109527
54.0,75.11523819327871
81.0,77.85221488833461
49.0,50.04085317170587
26.0,53.50885221358949
55.0,56.91753576181355
45.0,51.664699558306395
69.0,80.09753428770313
51.0,62.08136593322022
54.0,44.87591084767693
50.0,77.95920211508407
25.0,37.898863390219844
96.0,85.44370819769212
87.0,86.43987844283872
73.0,65.71354111493528
88.0,82.41397952138034
72.0,73.27992856386497
78.0,86.01981766405379
75.0,68.68516674767626
18.0,19.10670259389227
91.0,91.18686480519438
32.0,27.90886516493732
140.0,128.98370537708553
46.0,44.81065071526133
42.0,42.935649194054484
36.0,39.110364807502954
39.0,39.858058638063994
31.0,32.363390563501596
49.0,66.70174869631627
34.0,32.75104933477643
46.0,46.242862284234896
87.0,85.98105690273991
52.0,51.821379970907095
45.0,46.56755956762545
24.0,25.93293626989356
43.0,43.90189296673205
33.0,29.076856892000993
84.0,80.51170758637204
41.0,40.67269694504645
37.0,33.809327207347515
77.0,75.77725016316508
22.0,25.18636336207045
44.0,45.10130534040023
36.0,39.17328618746679
21.0,23.17011835780712
21.0,19.43374084233574
38.0,38.105624444751975
42.0,60.44467592976228
26.0,28.190211940536525
21.0,22.66699876795942
63.0,47.61487113208625
53.0,46.64605902080221
40.0,40.100249208032714
31.0,27.951259625527697
56.0,50.02441686336467
89.0,77.03798423149235
30.0,34.93152474406451
63.0,60.42373185674349
19.0,22.027475981175265
73.0,75.79769286273846
73.0,77.38219265285713
63.0,56.845400927523976
18.0,18.093381985809803
31.0,32.10017165748113
33.0,31.525298993573315
45.0,45.36650636909247
26.0,30.246839500721148
47.0,46.05641253335375
78.0,84.75849727521492
48.0,40.9962814598981
37.0,35.85776570875279
44.0,44.63211108068564
81.0,61.49467965063512
19.0,24.191615141060176
73.0,69.76937161218247
132.0,127.80844902440882
65.0,60.80180684824828
44.0,49.33572255797199
93.0,90.55473436638701
37.0,39.72697116197159
99.0,98.5618170343069
7.0,13.797188848681635
42.0,43.311913844227966
51.0,51.12475996228654
44.0,46.9098005894798
108.0,104.94449735449737
23.0,34.55390870144803
37.0,45.563260931689406
44.0,73.49547041973476
34.0,44.231332367273275
41.0,67.68118030697273
35.0,44.60652329746415
162.0,155.81395005829376
83.0,89.1189957159604
32.0,24.256589755078434
79.0,87.94152516695769
153.0,137.81769097547794
84.0,75.78286258595766
73.0,51.33178779641811
44.0,46.50654854545296
46.0,41.98723516302515
98.0,86.02107167563817
50.0,42.17842384489466
23.0,25.59175649216729
45.0,56.21896936204787
32.0,31.937976987483424
88.0,100.30493354483968
37.0,39.12123839856315
30.0,33.28607850011227
35.0,38.42263772442776
69.0,47.0650033087779
101.0,101.14048593084473
48.0,50.9369259885077
85.0,68.15260440397196
22.0,24.482286453024095
18.0,24.1764065258076
73.0,63.26871372848375
74.0,88.8541627227071
19.0,22.20672071029147
47.0,36.62358198984899
75.0,71.36450337955176
44.0,44.263210312548274
88.0,91.31588537719337
38.0,40.99645531194291
30.0,33.20475617287388
33.0,35.0058307481414
34.0,30.01750843796767
19.0,21.8657482890732
34.0,44.97960995268267
15.0,15.012974177377743
52.0,52.78403853996063
37.0,35.547135021271544
62.0,65.61658097029691
60.0,73.17996606133191
14.0,17.53591609463456
51.0,49.118127940983435
94.0,80.74812490387413
56.0,54.52537970868743
39.0,42.71138289891348
24.0,24.384995587722873
61.0,56.81293310928198
55.0,56.17281342290196
54.0,56.08047956655881
84.0,46.98507363061534
152.0,132.78439142520585
29.0,29.708555415926686
75.0,77.90898988707846
71.0,45.187282872965966
91.0,89.33909750910045
15.0,14.547289659120421
105.0,91.61108601455258
48.0,46.06474765244338
20.0,26.4830678032418
35.0,38.774414919942586
65.0,50.24068339480709
34.0,24.150409691583818
41.0,57.99483827833908
32.0,28.11745837730398
48.0,44.70074488481048
33.0,33.65904097169654
42.0,40.604057906515635
23.0,25.926841675501695
74.0,82.54098811756288
50.0,48.21802105722211
39.0,46.24021812816721
35.0,26.500305268420774
43.0,37.873613329668544
33.0,32.95729550396534
44.0,43.21357069679527
58.0,57.09645037175251
123.0,133.10830373855558
77.0,81.14714465104115
65.0,61.695593945602326
35.0,32.16269309559574
76.0,86.70942028668287
42.0,39.60504906782662
30.0,28.728335870318706
13.0,17.211251913185574
114.0,114.70708944541943
39.0,42.441502203781816
30.0,30.775240373098175
93.0,80.06875226028102
22.0,24.62284761544386
33.0,35.588543794804536
38.0,38.18098135614016
43.0,53.5165272253985
52.0,51.34796486337466
38.0,37.19100655163278
22.0,21.632647171933986
121.0,109.35606780281597
64.0,69.94937280304036
90.0,63.84125784730169
36.0,35.59688323675162
55.0,54.697734399279945
65.0,84.04969342435791
34.0,34.61075498222409
14.0,14.91065514753734
36.0,37.963752600661245
42.0,43.379716684525604
33.0,31.570791999230508
151.0,100.78020572204179
77.0,66.70015538772641
25.0,30.631102580401343
67.0,54.84356982357186
65.0,51.9477890927051
76.0,90.75574671791576
54.0,48.50432597302366
75.0,75.91799715413181
12.0,22.474746436578616
25.0,20.90208362785212
31.0,33.39604708496718
31.0,29.680566747826337
70.0,43.29348316147117
45.0,47.15547544996255
32.0,39.14676042757006
18.0,18.50198204628422
56.0,78.3891098846879
17.0,22.838764841920185
19.0,20.717738306128446
36.0,34.44998317965513
34.0,33.88520841341711
76.0,77.02766160978754
27.0,27.3889926389343
17.0,19.236011057792364
52.0,55.15702488386697
33.0,34.5970054019997
35.0,36.49579864318382
48.0,35.75267247144113
32.0,32.415030606859936
35.0,38.21166183212437
32.0,38.31104394507588
31.0,46.473272869420676
94.0,86.63453763230993
54.0,47.578789057837405
21.0,23.219071874346543
51.0,46.862382067256554
54.0,64.96286447538417
31.0,34.204177642737974
45.0,47.97975214578647
35.0,45.83056453086786
102.0,91.50319133433932
43.0,43.28643216894901
62.0,53.99710002163253
61.0,63.20213444879944
34.0,34.87125744616048
132.0,114.23255598611303
33.0,39.49501398492321
77.0,77.5757638153605
33.0,18.487553032255263
45.0,44.12805450837435
18.0,21.232770229742624
120.0,126.30845022765615
41.0,41.17126287813383
18.0,22.87867979534319
113.0,107.15862262570325
20.0,20.328474496610067
119.0,123.4959306097114
44.0,44.63707005676322
10.0,15.241828579051154
38.0,38.12554158028014
59.0,44.366843946082945
48.0,42.79228978484672
103.0,87.28736498118633
136.0,124.77156084656083
35.0,37.73826093712757
23.0,28.652452148259734
74.0,75.7833369334464
61.0,72.20904597633817
77.0,86.36617042263467
22.0,24.897371243229305
34.0,31.854811451352045
49.0,64.38246748706595
35.0,38.11260016792779
98.0,71.21727514359567
45.0,41.442724258604244
44.0,44.715557049064984
35.0,35.8408772309332
65.0,55.83790745646461
30.0,25.668703328726053
40.0,37.09708461457374
41.0,41.22920286110866
75.0,74.19368076739734
126.0,127.58476075137635
35.0,46.40141392513848
31.0,27.779807074992174
59.0,61.93584626156318
54.0,65.83837721004336
43.0,43.604560854463585
58.0,57.94517321502388
45.0,61.19373524394163
60.0,54.64063070494353
40.0,39.80814245336283
57.0,60.37477095250964
27.0,28.168605575147733
19.0,32.527688562843664
46.0,38.82182819432756
47.0,57.03735287811502
37.0,40.759394136383385
82.0,63.95852797830035
50.0,85.47744703688247
56.0,65.59611738158391
46.0,46.209591792527995
44.0,40.51939567952068
93.0,93.77497174109523
28.0,30.593735636397785
66.0,64.37742408054763
28.0,35.072258178344114
93.0,91.757662096812
25.0,35.855378993000095
32.0,33.452164752476214
15.0,22.684693504150086
22.0,21.421393274157648
65.0,65.97065613008614
34.0,34.559448798230115
44.0,48.89981854926998
19.0,20.78566543944388
63.0,66.53266320159986
76.0,87.19523045696397
135.0,126.95207234834479
32.0,49.67986785897722
49.0,51.214331067855284
36.0,42.00186777968458
25.0,25.370127234718307
26.0,32.70660635935409
84.0,83.08531344361515
165.0,142.64156994591386
30.0,30.91737132662531
30.0,32.353825803270766
67.0,68.44451531648092
30.0,30.225283397151205
46.0,48.155571116910274
42.0,45.30505769521878
30.0,31.055575397085065
62.0,59.34384825459806
27.0,49.387383643229306
40.0,39.94294537522098
155.0,147.13569444490616
84.0,82.3469242114082
22.0,21.856895150350574
67.0,66.15485067662766
46.0,57.40040071476982
39.0,51.652780743694485
27.0,29.420365792590964
40.0,52.24870480669651
18.0,36.448581578260274
38.0,35.5269579974293
45.0,45.611049117243624
10.0,29.15648847337633
40.0,37.55049281311368
18.0,22.784674127739233
29.0,37.60297588329868
45.0,35.39367952190792
36.0,30.06353760741651
69.0,66.44930212121616
76.0,83.59794578491277
33.0,36.35909796135408
28.0,28.610153382347615
41.0,44.11332365785033
54.0,41.85105109501628
26.0,29.67757384326369
37.0,52.76601822926158
70.0,69.61435261298043
50.0,41.94079944149466
39.0,44.14352582158219
27.0,31.014936352059465
79.0,84.83328434210294
26.0,27.82322289033381
39.0,47.908367167088755
59.0,52.40221786498077
29.0,28.85793402674881
19.0,22.38437055544865
67.0,74.5793996174477
27.0,30.35655891806924
29.0,32.17113366097764
29.0,28.487512285327966
22.0,26.23006264656747
76.0,77.41356192592892
33.0,32.44836141225805
68.0,56.38616454914775
55.0,52.26632446498047
37.0,39.223383355952755
24.0,17.863424545767824
132.0,131.23888212364676
84.0,72.6011948241791
98.0,84.68169786327591
63.0,70.0969787470238
44.0,41.076657488581056
75.0,69.3857341382888
71.0,62.550053306384825
69.0,52.242415944344565
31.0,37.32163609591941
86.0,93.45949536748675
22.0,35.62085591488744
59.0,59.059198533819185
49.0,47.23041583836335
52.0,63.19164057928357
41.0,44.24805548659722
16.0,20.321921807753867
65.0,51.865490497400735
31.0,48.04775252527673
97.0,97.15041269071102
74.0,73.09083150048619
23.0,26.04605470752846
42.0,62.23287013953473
32.0,33.35794288950429
61.0,68.14542661217018
44.0,52.02343766595145
47.0,46.97777079753016
42.0,44.03043096594918
29.0,31.57463206493171
130.0,128.05379011774406
47.0,51.33806816335435
20.0,18.681555856663934
29.0,29.251369307890126
9.0,13.173157118935377
36.0,45.600503532907915
96.0,90.08403939415766
66.0,66.45050212024358
47.0,49.141035553134465
140.0,136.459407444886
24.0,32.32912826753963
28.0,35.14262769490253
63.0,61.67009326452953
33.0,32.61278172140358
69.0,51.492766217375
65.0,59.90317772862373
110.0,115.90683665564029
16.0,26.120051047988454
80.0,73.91940751021966
151.0,101.0747459491803
55.0,46.2071271675355
35.0,37.90497621810143
42.0,42.62329269540387
36.0,48.50603266420778
35.0,36.04120379129494
9.0,19.537971894341503
94.0,91.2393420084883
44.0,43.219686515387075
57.0,43.79195476903507
62.0,54.37289644205332
42.0,36.2395959387577
109.0,96.27827972465312
43.0,46.17955772957238
48.0,43.36067597131966
16.0,27.205966262255632
70.0,55.30714186175378
39.0,56.05626065058141
71.0,79.6497025856557
43.0,45.72036526110183
151.0,137.34272501495096
53.0,44.48569082187643
36.0,38.24357813817799
66.0,68.38688696660701
38.0,45.59431041776141
39.0,39.721976288165685
61.0,58.71704663809408
132.0,124.25346357925972
28.0,30.492245650078715
47.0,44.095113574244394
50.0,38.4989707542321
69.0,85.03150888221064
70.0,81.60739410265963
27.0,27.015314802665696
48.0,23.61622637058394
51.0,31.560233730276586
92.0,85.65823564560691
52.0,52.21503099535971
35.0,35.356944763492535
39.0,64.8668749574363
146.0,128.0057363978929
32.0,34.73095452108989
44.0,44.2391057655386
26.0,27.888373428711255
34.0,33.602843752754296
41.0,37.02364345800567
56.0,52.00703797496229
11.0,20.909380867734203
64.0,64.12039643171148
28.0,32.232333700765466
29.0,29.811747699043643
40.0,41.192951462849585
136.0,132.54703757906165
21.0,20.90045596225361
69.0,71.91183130703429
37.0,30.64048514627551
41.0,46.610996055374066
61.0,66.6565007694219
19.0,19.735678169436223
75.0,93.64358863991647
72.0,79.7854353304003
28.0,26.950786294312657
69.0,61.18019086343946
35.0,37.60264849730007
53.0,55.128236834871835
64.0,63.91047216324895
44.0,48.6986083846805
44.0,42.19871906666359
88.0,63.02657884444726
67.0,65.10018892217867
84.0,81.96597595644853
27.0,37.77902775616359
62.0,61.443374465561696
104.0,100.82430795199411
35.0,38.48456353953149
44.0,44.22588399964665
12.0,21.44472041603232
48.0,48.737337531239184
30.0,29.126938811277892
61.0,59.64704528599068
84.0,73.78132198294153
31.0,30.852198140459883
24.0,24.34090301042518
31.0,31.887143026974716
107.0,108.1016743840831
21.0,19.311484909981733
31.0,32.2386941236739
36.0,42.66317023886927
58.0,57.42712762619361
42.0,67.1333171224052
75.0,69.86189258250995
37.0,34.129369506072365
63.0,60.366608188995386
39.0,42.83916987911907
37.0,40.838248491615666
36.0,38.09287580989881
41.0,51.99457407500061
74.0,85.78548497551469
93.0,118.1003655043712
42.0,45.41367362273904
16.0,16.85402666242235
41.0,46.57803640894417
79.0,82.54238769514582
37.0,32.65972111980374
31.0,31.605271660868848
63.0,57.71297696470318
58.0,57.5985144920373
58.0,36.96859742969553
22.0,19.98533582460437
50.0,45.58833571359189
39.0,42.943240991104254
40.0,42.471341328787865
37.0,36.71171611330426
29.0,34.75653920619731
60.0,56.171801137871675
87.0,96.40094728054939
41.0,43.117121104958024
19.0,18.049901849325195
39.0,41.53352491820335
39.0,48.344390081683905
69.0,72.74919958309981
51.0,50.078467616046545
22.0,25.243800330183984
30.0,31.04243441619806
42.0,38.02831408172464
90.0,86.40253015288822
102.0,80.92736084250951
65.0,69.86763823828475
118.0,123.16736532592863
77.0,76.71939968061066
66.0,76.40362573354273
66.0,69.98371045133278
151.0,127.36815940014944
126.0,106.94564619754713
53.0,50.84417455961445
27.0,27.255852343731355
18.0,17.798744640779464
23.0,25.76400958937976
25.0,27.58077033752895
53.0,42.357145645961765
58.0,61.94688968289443
39.0,47.406223954961305
79.0,73.37866798940853
123.0,127.91305234312735
66.0,67.90960627081435
28.0,28.40032492280056
21.0,27.584259807206184
61.0,71.49591106044073
26.0,37.62004589353519
50.0,49.24787511237237
55.0,59.29926362382867
104.0,112.31978212846572
65.0,64.74168541355776
38.0,31.59172116097112
44.0,40.85697617396348
20.0,27.9142276612791
87.0,106.86819207658884
44.0,45.289775320186806
95.0,90.52406681146114
75.0,76.67183970591216
47.0,43.29887955766845
86.0,78.38625109155501
94.0,70.0440835723925
64.0,73.19889397534764
137.0,139.3014477614863
44.0,50.10852661429701
48.0,47.51463672896954
98.0,83.6054911034952
25.0,31.27382419547789
93.0,91.99773791075627
90.0,89.4619639309569
77.0,75.90782503125472
34.0,36.94095626812533
23.0,27.760014210972503
92.0,93.00361315707366
151.0,128.14038489634234
30.0,29.88439422028102
78.0,63.88287713808591
47.0,51.806895753205595
94.0,127.02923210528931
32.0,29.043162896047722
29.0,32.177392286206754
75.0,82.74459794692133
25.0,26.830114516538913
100.0,105.10094574659088
34.0,34.41781282389309
13.0,19.887941843609035
31.0,33.92528312719877
29.0,22.23267157957508
60.0,59.4911926432446
33.0,35.0869450811944
38.0,36.24141878202332
111.0,109.19697371882926
51.0,39.236024137299225
134.0,122.70911929605245
42.0,43.86270894560687
34.0,29.85652963111571
33.0,35.04092977848438
38.0,50.493879608292175
25.0,24.31344307568035
27.0,28.620379215314298
41.0,41.17170644812809
33.0,35.421279774846035
18.0,22.7467161908191
33.0,34.67357300802447
55.0,37.143445641874585
14.0,23.192138748763636
72.0,68.79242437577308
31.0,33.11488910228823
16.0,25.109915815633606
70.0,63.1202155385035
97.0,95.03642016092189
39.0,38.40637281994807
151.0,113.7085423317958
42.0,41.559773832804346
100.0,67.79777840716032
61.0,64.28311960394346
51.0,50.279470281775474
25.0,27.743577625872735
150.0,139.80421704466437
54.0,51.884556914904984
31.0,27.50742908369171
131.0,103.06111935468019
67.0,52.6405728924409
43.0,44.22133716910053
32.0,31.069380877570374
112.0,109.29939963828421
86.0,81.95303409338275
59.0,64.46599624644335
34.0,37.66773478095168
90.0,89.4984236163444
70.0,71.95527227198447
32.0,33.32815443570334
37.0,36.066023736772344
33.0,56.6031725661748
26.0,27.51550724774661
26.0,25.79970022854453
16.0,16.874452705714884
24.0,36.98704003787882
20.0,20.436343894138144
33.0,32.565697524802204
32.0,32.137102565370135
55.0,53.916154463314676
47.0,42.81934941095469
60.0,53.94777370894345
28.0,22.73374106782038
14.0,20.38887510397515
83.0,66.49547960907914
40.0,48.775965351539796
53.0,45.25957819359504
27.0,32.234535437909315
86.0,91.62776533554107
35.0,39.97147975243862
124.0,106.35570052479412
76.0,83.9880988973505
25.0,31.69755438377123
57.0,46.238391002800995
54.0,59.157102751524086
66.0,74.52122825401175
32.0,30.911391352325065
69.0,86.00393221362704
58.0,53.70835942949195
44.0,43.988295117500016
36.0,39.45238889891678
30.0,33.08939828457607
46.0,48.83792445665419
104.0,87.87205552957994
34.0,33.74117911167215
49.0,59.83894164309445
30.0,30.39671844043753
82.0,81.3728877840041
31.0,37.46788035283532
62.0,65.49067086802924
51.0,60.16496649490525
64.0,72.32361431384597
58.0,69.41919615686373
50.0,53.95062897269395
131.0,122.0647941848046
75.0,78.14678612238662
44.0,47.681808090757045
79.0,61.86124573745101
122.0,119.26157946762964
44.0,44.67393092074692
71.0,75.54462894359789
100.0,101.20463418729942
47.0,50.17872243898302
53.0,49.30793128406234
41.0,40.12239475855077
26.0,29.349258217777138
77.0,74.48440685889184
73.0,75.92719251138692
38.0,38.50057152874067
37.0,36.488806842298665
42.0,46.2833528997959
69.0,64.27735607074337
20.0,27.762192414942707
59.0,50.17284633963541
116.0,88.82743956505128
29.0,30.437161631712073
112.0,102.25027227662503
44.0,52.652088111779925
39.0,42.681231572135886
23.0,24.98983360432346
67.0,59.95911621994934
47.0,43.55648943364323
97.0,104.40610183899754
16.0,33.38924475778396
98.0,99.42508406222696
30.0,41.23600798402335
47.0,43.66425885673698
26.0,32.825975221869754
19.0,20.783249677901885
45.0,47.10445813828685
115.0,107.00417006685876
66.0,55.189145688846956
34.0,34.0589436529649
135.0,132.55586375820934
23.0,27.630509334404515
36.0,35.727654590501025
15.0,17.032804748587314
59.0,63.772239062218205
57.0,64.72664663503932
84.0,82.69407502969457
76.0,76.22316280865962
41.0,50.882985728466046
58.0,60.18390220648915
36.0,40.58146040005624
11.0,12.474596122316063
52.0,64.96257729023914
68.0,87.42848521169181
40.0,39.90004493500771
31.0,29.42096481729011
32.0,33.01659771448134
19.0,23.47944916573949
44.0,49.83763123948865
33.0,42.223968631944444
68.0,62.76578110028673
38.0,41.96736028775573
84.0,93.734802335154
25.0,22.228714332888067
61.0,58.81117442228632
41.0,61.30680852255537
31.0,31.07867647606852
40.0,41.815069999391525
58.0,68.28017731108
28.0,29.30861330502131
129.0,87.57307421845003
102.0,105.92393387557412
26.0,25.291213802657687
57.0,45.91339738827627
70.0,70.43172145200525
128.0,109.63262847493161
54.0,65.2734721064655
34.0,26.45025490624348
30.0,32.412163518351356
34.0,32.69709826070949
31.0,31.783162897779974
122.0,123.74248950127084
40.0,39.9366592623226
33.0,33.92686790050458
57.0,47.329864858312334
89.0,90.64580140461028
38.0,36.34247887091852
84.0,57.91066898426866
46.0,48.511117966648065
23.0,25.494164764369696
69.0,69.64632096409439
58.0,63.4046442428823
34.0,33.62938378778322
139.0,122.19796970254563
43.0,41.57466220523386
90.0,96.29215589354249
32.0,31.608931802187005
23.0,27.8749916140692
36.0,35.21218499747411
42.0,27.598568091844566
132.0,135.71831293108372
38.0,59.71946804139499
33.0,32.674686549307424
23.0,23.03834889796156
64.0,62.86738174215073
21.0,25.32518526572704
93.0,89.58457166060636
42.0,38.51209984095109
82.0,79.70618288088055
41.0,53.921641563615054
104.0,84.62530082651763
97.0,91.02637386179336
13.0,21.66730618862176
54.0,50.12735366779121
57.0,62.653697534802966
56.0,59.585529025518305
52.0,47.53894926311878
18.0,18.721520092296977
115.0,110.33192178712846
58.0,56.154428900658374
40.0,41.57733253135553
60.0,61.492966532299825
59.0,58.11356491071747
62.0,61.41419150663062
84.0,78.92235103482149
100.0,119.2960643240974
90.0,80.24993227176085
82.0,61.34579397241536
108.0,84.59680913563069
57.0,59.54428455590217
25.0,25.724783375563785
52.0,45.626947611751994
44.0,49.232437377068464
73.0,72.84199323302197
46.0,46.0096707158111
65.0,57.566646801879706
36.0,37.50088431281844
48.0,42.94293158034236
36.0,44.03177031105657
47.0,56.165129325894604
24.0,24.048764788434394
113.0,134.70899417748436
31.0,28.519925611642282
31.0,36.53978740452968
19.0,24.628271464985975
77.0,81.10873202776503
34.0,34.638554903357225
73.0,67.26022796419717
50.0,52.03292585891258
46.0,46.20766462317995
51.0,50.888918641918394
64.0,76.49172620153377
16.0,19.45884255313455
41.0,49.9696149645625
62.0,54.04931598544288
82.0,80.88973517977482
32.0,32.92650720942299
46.0,47.65306513398607
27.0,24.068416905301092
33.0,34.62789882313609
84.0,85.01388507235536
93.0,103.54311899782493
23.0,19.29276555170098
28.0,30.78831004082099
30.0,39.24188831346803
51.0,55.71307665082372
39.0,29.37844043087775
30.0,35.402165830013374
87.0,92.37652654628002
43.0,43.85763183227247
57.0,48.20250248030988
68.0,68.56037153683528
73.0,80.46241937424155
51.0,54.31417415786129
47.0,49.20196154256302
60.0,51.07742693929406
63.0,52.633197574670405
34.0,34.505124283193325
96.0,96.14939911418651
59.0,58.55697310885177
116.0,146.27827570184792
27.0,25.1401414216673
150.0,143.91925812033384
61.0,52.94522346779794
68.0,88.27161078449568
44.0,44.16977879343004
29.0,24.95123099581162
42.0,34.740062559740345
46.0,37.35166140514408
25.0,21.51784343753823
61.0,64.4213559188089
43.0,45.079257083233266
37.0,41.95734783442343
36.0,37.659257273103705
91.0,80.58039799758625
40.0,39.71847792483641
36.0,35.165432949940644
31.0,34.763137617321604
57.0,54.66923575428718
103.0,100.9740233612509
41.0,40.342210182338775
32.0,39.85690437019217
62.0,63.178750789698896
109.0,82.44069504392343
32.0,32.533941529575564
121.0,123.76224567629995
84.0,86.0833618309941
31.0,31.497666402709694
23.0,25.747653658062166
41.0,42.33965291817864
35.0,35.91859955792826
65.0,78.30254893631643
60.0,65.36502407419478
31.0,43.04173622991835
48.0,39.691376545593975
20.0,19.77577999446282
44.0,45.14440819842361
32.0,39.31014740761335
51.0,55.33038402053743
26.0,26.60211540559606
73.0,75.57700624748698
30.0,30.81407474283927
60.0,70.41152741902862
26.0,27.061370907661267
49.0,45.88054893986652
56.0,47.494998179375976
12.0,16.705158783650784
44.0,57.43066224445315
75.0,71.49532573331342
94.0,101.8999044132723
95.0,83.90938901021812
43.0,46.79076388748298
64.0,53.00667311812197
74.0,82.5190310093392
18.0,21.41189368529834
47.0,51.911770466433374
81.0,92.31030069344632
72.0,50.44974433478962
47.0,45.634239161584695
75.0,74.84081662281969
25.0,32.08471984322639
38.0,38.481937575320586
50.0,43.097123709290024
54.0,52.191520421168214
77.0,66.8364387510943
40.0,39.071954027539554
29.0,32.6915377557014
55.0,46.87672021594774
52.0,42.64027282631157
46.0,37.901246088933206
49.0,75.72086093440927
25.0,24.541719688612446
46.0,40.655703160286734
29.0,28.79987407376933
25.0,24.75724330094151
81.0,88.55410158174162
145.0,127.34163983469716
25.0,23.778263345058054
66.0,62.60500017501351
66.0,74.68481668765847
58.0,72.79829407055361
77.0,75.93536830163875
25.0,25.442618226145548
29.0,30.970569499808388
86.0,63.13530432985522
53.0,63.556346536237484
89.0,96.34860570644885
26.0,29.772053182965042
49.0,58.50622595728225
42.0,30.573201962633835
63.0,67.73097170752348
28.0,25.945124283854025
16.0,21.008671826113503
74.0,57.808361892821594
45.0,69.16816371646641
23.0,23.958136744947865
129.0,115.6213709064214
20.0,19.69687391817854
20.0,20.86529326533566
137.0,132.06596704131883
25.0,26.835562988794543
83.0,72.22846913267499
38.0,31.725238740121764
44.0,42.51782695497068
64.0,82.26612425276625
57.0,49.705826826659624
104.0,99.8437333275837
32.0,32.663598437772436
18.0,21.739679163343727
37.0,41.77922807235116
27.0,29.78085262950834
59.0,59.40457010800826
87.0,78.47928774393367
85.0,84.5492168083293
45.0,35.27935591991099
89.0,81.82068813200901
44.0,57.66455067651961
19.0,23.0625415195525
45.0,40.888641164477555
41.0,33.2831738643908
107.0,102.35573451647964
130.0,114.87137466774743
78.0,77.20899478176416
126.0,116.58720153505841
42.0,53.71070526019664
63.0,60.690482943421976
31.0,31.14985960192441
74.0,61.2056385833202
50.0,53.251552338353314
68.0,56.91014146565798
15.0,18.25033099965471
32.0,40.610708276540855
28.0,26.95550684263715
115.0,113.06723764214128
58.0,48.82996710092493
48.0,48.64094429270028
50.0,45.48370703959771
29.0,36.60313074103378
64.0,62.493476065869295
61.0,38.75767520134911
51.0,49.7904786210897
93.0,81.42310143275493
77.0,76.13613390691141
32.0,32.23924755100508
56.0,48.387518201986346
26.0,29.420438348986092
71.0,74.38307763841864
106.0,88.81319695510098
59.0,48.80086798954744
92.0,72.38806515192178
74.0,72.69872956950067
105.0,115.81932103200009
41.0,44.33448932797031
56.0,55.121270103254986
72.0,95.39651808582553
42.0,42.675068111490745
54.0,67.58375684073248
51.0,50.90392329615583
61.0,55.262350420830785
59.0,55.52666279397605
58.0,45.88025413034589
40.0,41.766477961857944
44.0,38.16806612964411
86.0,103.2028357632066
91.0,100.7553647400069
32.0,32.44376157276683
34.0,33.32495628201795
60.0,60.09393018367566
51.0,51.56474295107269
60.0,52.42971353818988
25.0,22.4173544227645
127.0,89.75993283290977
14.0,16.04858918071226
25.0,26.807008548874528
48.0,47.316962100168354
38.0,38.01397466988485
39.0,39.36288667128701
76.0,51.88122983351177
24.0,23.183794100214097
62.0,68.66639132996598
48.0,51.64085561842468
62.0,55.43674907893407
74.0,66.80131951972355
60.0,62.05025148286122
80.0,78.35517390798341
92.0,87.8649332119036
37.0,35.03686544292348
35.0,37.08584595192375
18.0,22.23424734066761
58.0,49.714096142845136
64.0,68.78966229902171
25.0,27.211509911074295
45.0,50.770624442851926
35.0,46.298495344102285
31.0,42.8883128001788
22.0,40.455893223144805
55.0,57.40019347872779
56.0,56.34121003440576
13.0,20.603235997955014
112.0,100.23397491297581
63.0,82.88292052974053
41.0,35.611534497200324
112.0,93.192571928631
41.0,42.8539170823127
131.0,126.40674858159544
42.0,40.29545822358748
44.0,42.4675002167705
70.0,75.47686689406086
34.0,41.78743436015295
19.0,25.15015861911844
29.0,34.84066954457853
30.0,30.980511177065107
41.0,36.75799246724762
18.0,23.54054447550926
61.0,60.05173196732623
31.0,38.80337793758921
53.0,53.555002796875165
40.0,41.06963668823252
28.0,32.5589507588497
135.0,116.02891962871485
72.0,82.99223439290226
36.0,38.36199076257895
30.0,35.276663741092314
31.0,29.879392013812826
98.0,90.87393140828948
39.0,41.24399973173567
53.0,40.58935055267795
88.0,76.89503563837087
19.0,24.88860764466484
99.0,98.2553010958242
26.0,24.58550464799722
60.0,75.9428590609837
118.0,120.6693456501752
62.0,76.85376720774828
26.0,28.46886951950297
16.0,22.721791235150057
42.0,46.01062163796404
12.0,16.267836371084016
73.0,103.990879741365
66.0,73.68249683958535
33.0,33.67003534063353
68.0,60.03031963349295
126.0,104.94636763193826
69.0,72.4380051307844
48.0,39.497301142871734
46.0,58.60508487692859
41.0,25.468796615524116
29.0,45.90392507121879
38.0,39.54401142324364
31.0,27.421827373978196
28.0,30.43931075101383
68.0,63.43066534330646
28.0,36.51671785957717
8.0,22.61484292680917
32.0,26.332154278375416
104.0,104.32469726671533
124.0,110.01894091042145
43.0,45.142611044735695
49.0,49.806985954018636
75.0,66.55568524226128
41.0,46.524068375449595
18.0,19.134820996032182
84.0,78.32976037629273
34.0,32.940279868411935
42.0,46.74497208087162
83.0,74.49047308025847
31.0,33.646754460003486
43.0,50.70836612701299
53.0,63.401905964680346
152.0,143.5090098335041
57.0,82.96552252345914
79.0,70.49923696069871
49.0,37.79980695497555
30.0,39.999193443396656
55.0,52.70351909982823
29.0,28.833964935034906
80.0,80.0226428803433
56.0,51.37821216887681
16.0,21.009051667783634
71.0,50.92571624833527
95.0,92.8218618990451
96.0,89.95784576162015
40.0,39.92428819939927
19.0,23.17356622386441
45.0,52.80175280726247
53.0,55.1275984816731
51.0,56.891505938563746
37.0,38.34007019823283
58.0,61.261914857603045
63.0,53.36324797261429
126.0,99.29211751527335
30.0,38.15922175700069
18.0,18.73996505107214
51.0,46.63512539392644
71.0,71.23077036184603
118.0,116.18645127032194
65.0,76.19680985643284
97.0,78.68555049918326
18.0,25.704493981789764
22.0,24.181480710087534
73.0,61.09091806892589
72.0,76.97564721880664
41.0,41.380978773074546
112.0,109.56631684574788
100.0,97.28134927604252
31.0,25.216904762703898
54.0,58.518751443510055
107.0,96.17674036951534
67.0,60.32550114521539
146.0,139.23975789295767
53.0,57.086008399934734
70.0,73.48728992378382
125.0,121.7599261396283
44.0,45.20871542591715
30.0,29.31102131051764
28.0,32.640621862946574
33.0,32.843613714262446
65.0,64.72890996008053
56.0,47.73449817177718
151.0,119.78545923298789
19.0,22.283705457365553
27.0,29.653486932581423
67.0,75.23843400541772
122.0,92.96510437592545
51.0,37.987709073990374
19.0,22.89151518218192
43.0,40.96770968577386
72.0,87.4327114599375
50.0,46.10153694195626
86.0,94.45315080665509
21.0,26.841485111012204
25.0,27.61674332508062
79.0,77.08003624952806
37.0,37.063837916618894
29.0,42.79461128412717
21.0,22.180486663066105
26.0,31.13426708964577
31.0,35.385161285849
44.0,41.760463696976565
32.0,40.32767715874504
82.0,78.3510333299082
106.0,70.28143143423327
58.0,58.81762624563368
33.0,32.149286038081534
40.0,43.515422593960935
30.0,32.3657374520893
45.0,47.5390667410052
72.0,68.28011255161947
68.0,48.998928217688736
85.0,92.91873286407359
20.0,27.493226870272803
23.0,29.146550559005856
58.0,60.86550666979003
43.0,42.47129162235847
40.0,32.81394651269357
43.0,44.81069104414958
19.0,18.985020911469753
32.0,40.63644103712178
29.0,36.59227741931851
53.0,42.4989040718428
96.0,91.5298292940477
52.0,54.615868747301676
59.0,43.61216924492609
25.0,33.58984899276893
26.0,26.377883642595528
24.0,31.081163285453204
32.0,26.564080647505975
15.0,16.21981588669136
55.0,66.80247803741628
15.0,17.742943762154187
34.0,40.683266910468
42.0,25.99929775058857
152.0,110.02205415853969
50.0,50.60570970937836
174.0,151.60115057654764
44.0,39.356953613118414
38.0,27.753048924719803
108.0,107.76953620470819
77.0,75.61616448968425
112.0,97.47837339629827
29.0,32.04348537442828
61.0,47.217293224664395
52.0,49.22280762590171
54.0,57.540981641265375
78.0,81.06550726335065
26.0,26.73808764916762
104.0,100.54919623556847
22.0,36.13970463843309
40.0,42.82479045034179
64.0,60.70599651265592
58.0,49.84574862411284
28.0,25.02200214322944
31.0,35.42784954036618
101.0,100.53470589922593
42.0,34.445719850103494
29.0,23.080380563431095
38.0,38.267462963629356
100.0,96.68015082628189
48.0,71.82267456413858
95.0,91.65788055064094
19.0,33.336395326327185
70.0,75.64251746839508
35.0,36.41386229351371
36.0,34.837177792414444
67.0,88.29901266002616
31.0,30.67677237090069
126.0,120.15554956845973
26.0,27.03166580201125
101.0,103.94322443918084
90.0,85.43519108996936
67.0,55.13342733044464
37.0,42.396592575745444
49.0,33.20234162866781
48.0,59.53984348803606
75.0,68.15149829749248
50.0,46.8961105746727
148.0,117.51614545873971
84.0,71.81427618123014
16.0,18.393958998276776
98.0,98.08366403725378
94.0,121.10344294941919
49.0,51.348451240849236
33.0,33.662579196711924
41.0,36.96127735403281
31.0,36.17084370920202
63.0,46.324473168979765
32.0,38.436439273889945
41.0,42.88551922612328
33.0,35.046025776066394
88.0,69.39527362368403
33.0,33.326495176898604
75.0,75.90120119095909
54.0,71.2181459359777
27.0,26.084251354535844
38.0,38.71102986478423
38.0,36.51668700435683
64.0,53.572267723763616
33.0,39.378899877693854
56.0,51.004741305108546
80.0,67.62271101862233
28.0,31.134032819339414
79.0,95.6334719549133
67.0,66.95636648622295
57.0,45.046957867115374
47.0,42.78790294535387
37.0,39.79706544662891
20.0,20.050442557415277
18.0,21.6486357850707
61.0,61.76313171815577
32.0,35.822415377651474
31.0,31.898265503016376
59.0,49.04745558645314
71.0,75.90174570622077
25.0,28.58296493527802
52.0,56.504320251781934
76.0,69.92588429311563
49.0,57.19201511032209
54.0,43.599471663236685
119.0,131.95647633804526
64.0,52.821446772777705
17.0,21.99165627631591
83.0,71.09041301030682
41.0,49.20311321683471
37.0,31.650369011275767
59.0,59.28162232681525
79.0,59.137536111636926
35.0,32.228170284969934
86.0,74.37223561985249
49.0,40.71162221161665
32.0,39.272006850826905
33.0,37.201904928287085
74.0,70.81710451215594
41.0,44.59524575874733
137.0,112.6124143663168
20.0,20.049062316692794
48.0,43.866121314639685
68.0,58.66829172032181
62.0,67.08889750162213
24.0,20.466566135623207
51.0,53.47848362978225
62.0,67.79587482543612
27.0,34.53111588973397
48.0,46.921851365460306
87.0,96.64854822047756
55.0,60.14983143292804
65.0,67.68229167166088
31.0,33.902942751848535
155.0,143.2948518599214
128.0,122.92409314870586
87.0,93.46940501043575
83.0,75.59367872513032
72.0,65.41477203383154
33.0,29.710408174015775
23.0,37.66929821752695
34.0,32.77163466982226
44.0,39.60975942347602
19.0,24.98705205107747
102.0,85.47075406644652
36.0,40.34794193613274
43.0,52.294162810900524
144.0,122.18485989873044
45.0,53.723707133502195
29.0,28.73245821922723
41.0,37.271194728288854
81.0,78.54621653809316
51.0,50.238272634126915
54.0,52.40781130796783
33.0,34.25192391679216
56.0,63.84877311037102
64.0,64.28134592220933
68.0,67.98030078356952
41.0,40.866549931826924
41.0,35.84363501211865
31.0,25.44244045848017
45.0,60.69527067099778
54.0,58.41679548453336
43.0,50.803927769572574
40.0,42.81321440052639
48.0,56.739888120854935
54.0,49.86066866088047
74.0,65.89217685471858
79.0,82.61580883346343
62.0,89.28639010261664
37.0,38.11092753672759
82.0,82.77251055985649
21.0,20.291789039712334
33.0,35.2144873776741
83.0,115.06584531103795
61.0,61.15772489247299
52.0,60.07339708852098
45.0,45.737381084225156
155.0,140.9958652080314
52.0,42.89277310891226
115.0,114.18537126206962
20.0,36.813369315907494
54.0,50.98617857272605
28.0,22.578497692991597
102.0,114.74325987189444
19.0,21.059093586456367
32.0,41.42442910264527
45.0,37.61535973673172
91.0,89.00993100644419
38.0,38.095432999962334
47.0,46.929434246819575
72.0,82.55505382687029
31.0,51.767065632431915
32.0,29.014431862726134
69.0,77.6692425519124
41.0,40.883436148887
69.0,67.88591021967038
38.0,29.363543356920168
40.0,42.10143108456027
50.0,57.253318305391836
35.0,34.13013130591831
128.0,116.79254838112804
27.0,32.479641246818204
41.0,42.20965498474831
25.0,35.7469387396737
84.0,83.08294891214298
43.0,32.12928211394307
153.0,139.27783598071284
48.0,56.05581512658093
58.0,58.810328033757294
27.0,33.005598664773544
62.0,74.50292948240738
45.0,50.65723000074659
174.0,149.95927579365082
27.0,33.13304694734085
24.0,25.56521307437789
30.0,30.869530001856763
54.0,54.85251151453714
68.0,78.41301677238116
109.0,93.94467307605973
72.0,81.34610568775967
58.0,64.1984454193192
77.0,87.47031196565082
52.0,45.75084337015356
69.0,62.00943581555334
44.0,50.92994737623872
40.0,37.41248163545253
45.0,49.91817323847439
104.0,106.02545390438893
36.0,35.96254696855417
87.0,84.08237816555898
63.0,40.7047367029085
47.0,70.24091988306739
51.0,40.71992950552363
24.0,25.581660245923462
26.0,39.129633574507416
90.0,83.53644116983104
37.0,40.359735847175685
52.0,63.91198377506764
28.0,27.81355888207533
62.0,64.24139597818751
17.0,18.672508097313173
50.0,57.78462918662056
42.0,39.69467346876247
30.0,29.84380053966746
52.0,51.25107713485136
46.0,55.93680273977172
55.0,46.16240193990768
54.0,51.040355906461734
34.0,27.930275181888373
34.0,34.6687238033747
25.0,29.00948299483194
31.0,34.753422931277136
63.0,65.1673361390352
71.0,86.92392289975753
23.0,23.808433776628963
71.0,93.63885733355558
104.0,99.15675060985676
22.0,20.221315436741214
37.0,36.75570985069667
29.0,31.171512266830653
42.0,43.1514309513662
45.0,36.14644853608012
27.0,26.485052893168287
16.0,19.34544751316599
35.0,39.26094563464674
55.0,32.62260879667732
24.0,24.643204483467887
64.0,63.80894596797089
30.0,30.970012214129156
154.0,128.94867162833162
45.0,47.175678779859346
40.0,44.65596723341918
60.0,70.42524759655626
47.0,49.882443210447796
95.0,83.15849078783609
107.0,103.07624973641637
43.0,46.037224947425486
25.0,33.740369866578966
38.0,30.902184409754835
48.0,46.15626203295877
13.0,14.731604379723686
57.0,62.06062544520266
31.0,32.46399628776028
62.0,67.72614502916082
34.0,39.52793837690046
101.0,96.27476300889755
14.0,18.49619661652956
44.0,42.827008335572465
100.0,98.34011338453371
116.0,102.67426267388059
79.0,63.952793258351285
22.0,27.913859434414903
16.0,20.53223852703579
66.0,98.37756762566218
82.0,71.65897882536449
59.0,51.18038755679728
67.0,59.058985969704494
132.0,108.50574282462146
52.0,49.428262840943745
57.0,71.15794678477033
58.0,34.70763263744008
19.0,23.58667865588981
33.0,33.05728556731032
31.0,32.52994925245908
40.0,40.550226227429185
25.0,25.862147446074037
40.0,48.07336645100708
51.0,52.17369273520256
145.0,133.0135404763368
44.0,49.70982525149807
9.0,20.59472554558874
30.0,26.10936450832527
27.0,28.144019780502806
29.0,30.375329971709156
57.0,64.01901779945982
36.0,31.84360159211071
75.0,100.55076529780172
35.0,39.85564498754761
50.0,64.35411264595935
127.0,132.1128649580368
128.0,119.55628695548235
46.0,45.5551793634041
94.0,99.55443837218193
60.0,67.65377825307162
22.0,25.125481134833556
38.0,38.57911953379956
134.0,144.48483627215163
53.0,49.126127238305315
59.0,61.72147844231115
35.0,43.161752124108276
47.0,35.67057976006603
81.0,85.23606318216892
30.0,30.31230425769628
84.0,54.21824426816259
53.0,72.73944085105572
60.0,64.75823937776725
80.0,70.45207428537452
76.0,64.61105686723832
91.0,91.16340876239384
19.0,26.631025542323428
37.0,29.473261807647432
48.0,45.687823252980095
47.0,50.3113981378403
34.0,43.56471969099509
35.0,34.38524124424369
74.0,87.58902630100219
90.0,92.97688600894067
63.0,66.82987553749885
44.0,55.42165151835842
29.0,30.16123825673192
17.0,20.18965296062663
59.0,52.79751923284131
44.0,47.2356988892143
60.0,56.072278164273506
19.0,18.8524479604515
66.0,62.101649975465676
51.0,55.40226531634015
47.0,53.05898885607815
27.0,27.45447603950653
25.0,22.30681680506762
57.0,57.75428086467556
26.0,24.108360826719018
30.0,31.76172334213266
24.0,24.986992444808564
131.0,137.4054369381144
57.0,65.04679539686934
45.0,45.62269866315158
37.0,32.74116313150765
23.0,28.736298306252756
29.0,31.66219426742123
57.0,46.49501068109031
100.0,116.80833610049788
97.0,71.14519858492453
37.0,40.06581082758567
35.0,40.61102186398266
97.0,97.73664662146773
25.0,29.98681312762725
41.0,43.44377636204617
43.0,32.12822329695435
137.0,125.08463968097773
29.0,31.639514203244417
61.0,61.543400583989225
29.0,31.548198166086035
31.0,28.804201570017774
74.0,93.92696001249843
27.0,30.33238604490576
70.0,56.25182276045828
31.0,31.95434385890203
82.0,71.07539232503076
97.0,107.21276793730156
42.0,44.15220650736788
62.0,64.80671150675605
67.0,66.57819859798633
22.0,21.565163890149737
48.0,45.215894381047214
67.0,65.9774560185508
26.0,29.59679597644498
45.0,48.242658954279555
102.0,93.16873813070285
13.0,13.153062004764937
29.0,35.09549671738136
57.0,44.483710237677734
70.0,70.63067971273489
24.0,25.152497970621756
135.0,104.47244412150472
44.0,45.08582285499885
13.0,12.656256975028066
35.0,35.515495795261025
34.0,34.394675508250785
69.0,77.15974744545424
133.0,128.34675450774725
26.0,29.518673274911144
94.0,87.85749293948064
67.0,63.86383116159248
71.0,79.72696330358326
21.0,20.439867080755587
22.0,42.173630316291096
21.0,23.10359839701426
38.0,35.715227918201876
65.0,62.01108161255592
46.0,35.31588898373539
32.0,31.540623689054037
61.0,68.64578139527963
52.0,39.86889811031818
85.0,104.43376686838045
34.0,30.005950911837644
123.0,120.44744313016837
51.0,45.31409805633249
75.0,76.69030011823128
33.0,41.02344896649185
33.0,32.038780747264134
94.0,87.9816454264038
60.0,65.15731532378618
34.0,41.562404932672464
28.0,30.040400562920624
106.0,82.52847281976359
105.0,120.67357592927428
152.0,128.44638257536292
87.0,79.62474699757702
53.0,58.15006470612115
15.0,14.980820958978672
29.0,25.357849655875306
33.0,35.250366094013955
48.0,37.90563892777917
24.0,34.644477764735164
71.0,62.17216744672746
31.0,32.24833682363751
41.0,27.73119373935132
26.0,30.068323862506006
64.0,60.61458181317862
30.0,32.55160962901041
23.0,25.109516325694084
58.0,53.073575737228815
25.0,31.75918228872739
71.0,77.22255762037756
40.0,43.57895710921544
31.0,35.22410450479622
32.0,60.80216392337846
37.0,37.942577334967986
117.0,104.40804203132112
19.0,16.54026966959374
78.0,71.4242006789843
29.0,22.427257866555106
37.0,38.82040776452768
52.0,50.82665927490991
38.0,49.49262319278678
94.0,90.27196806208242
21.0,25.04472069598875
61.0,58.9027551700898
14.0,19.046170709704633
116.0,102.53024315816398
18.0,19.412633604899074
22.0,27.918791514179404
40.0,40.38619895528167
128.0,94.61089742926445
30.0,33.12378489139227
36.0,35.5527560470484
95.0,123.72632217099802
71.0,68.42965563971347
136.0,120.3752787274072
46.0,43.35732594897913
23.0,23.12218817932338
67.0,54.25071378967203
47.0,44.354216080165955
67.0,66.63256706654043
41.0,48.39008329812199
93.0,89.37310320993711
72.0,62.24824288309086
84.0,83.80088566725105
30.0,28.41383297673003
28.0,29.511934426448484
30.0,25.494270271909546
125.0,109.1170000092075
52.0,55.962179994686515
57.0,56.59196008522185
80.0,66.30149084248542
33.0,34.692903062863245
39.0,58.254316293480244
32.0,57.31540503886645
46.0,62.37949637247392
44.0,44.59306934661228
67.0,68.17301703257459
57.0,56.30635447421197
28.0,32.69030968567988
102.0,90.15737613854498
31.0,33.00462063048279
45.0,48.89790027532995
71.0,73.22167404524613
16.0,16.343567578747443
48.0,51.79505874684286
38.0,37.801391839905406
33.0,38.9000454016752
13.0,21.078494779388596
51.0,41.047019923469186
38.0,50.04888262335551
14.0,14.52931572716449
22.0,29.32819807241213
119.0,105.51955048863532
91.0,74.83136639962589
20.0,20.93909587197492
41.0,45.13556455733086
30.0,29.16012309270532
21.0,24.07720424404368
31.0,32.590027774779315
108.0,105.20280078986778
67.0,83.39568891605293
43.0,47.70857102095933
84.0,86.48699028407404
36.0,35.41724222027315
25.0,23.451313819602017
28.0,33.79577883924774
41.0,41.679723167744015
24.0,28.6377151964074
37.0,40.70103212357334
19.0,19.28199798331408
125.0,136.02161327861734
57.0,59.51095941789145
106.0,94.73884790508201
34.0,35.24989943459227
44.0,44.865828546441996
67.0,68.33512787043584
16.0,16.294978049773917
101.0,100.93469404633973
33.0,33.266514530885345
77.0,75.8530886597986
97.0,109.60138545101611
44.0,42.834840931692405
73.0,83.02180174330734
76.0,68.21671788987939
29.0,31.780943584679974
59.0,52.64519037854827
50.0,54.55461532062183
34.0,34.792146293557366
18.0,20.08312597097717
57.0,58.92378308453646
24.0,22.744215252917616
63.0,37.45129738762425
36.0,36.00615758866574
20.0,19.85311598435883
122.0,121.25909037734189
57.0,62.80501850107568
40.0,42.01212332226962
54.0,49.23432205463182
78.0,61.63235019217979
82.0,98.33650095224172
66.0,62.69154937907908
36.0,38.16072915157228
44.0,38.604684370143026
17.0,30.23571364674542
34.0,34.635153793783665
90.0,96.27098499452903
34.0,41.669559442482566
61.0,59.479305916564506
61.0,83.36257960033268
38.0,47.30104171720475
38.0,44.97434177346171
95.0,85.03550328738098
50.0,48.411452165445745
26.0,31.7340886705548
98.0,101.33493422275765
61.0,54.62066413217379
80.0,80.9961645466978
43.0,44.52202339486387
32.0,32.3968556874666
22.0,22.684353859930475
24.0,29.683452014551214
80.0,71.27529874765222
90.0,81.8667392844454
21.0,21.696111817050998
73.0,75.1979196985004
33.0,40.68292116850447
42.0,45.171097634880624
36.0,36.28293936095248
33.0,33.120709761433005
74.0,75.67248363044762
115.0,73.27771228670298
91.0,79.94357637391984
23.0,40.042366609485796
40.0,40.32561509481978
60.0,65.4389726371986
83.0,83.21948913562122
27.0,36.181014567253065
55.0,63.04418292640562
47.0,53.49266621071179
105.0,66.36489986403068
88.0,63.77021662584014
79.0,101.18853241398135
40.0,47.997364672781245
67.0,70.08599573327267
156.0,140.42330524510206
30.0,36.15710325949598
65.0,61.02591406546528
44.0,52.336107944932465
79.0,47.76271708451645
24.0,24.784323409513654
58.0,51.7827322648504
67.0,62.556338686435076
127.0,125.51147037041643
58.0,64.77543835046511
26.0,33.105974756661176
152.0,141.57177222642346
55.0,42.95283464544439
47.0,45.27352850067091
41.0,49.531688754504316
59.0,72.16481379782833
40.0,30.082622885583113
20.0,28.462963907974068
19.0,32.528733600989305
27.0,26.53236390819802
57.0,65.46722362949373
44.0,44.72098863967374
52.0,57.04869719894218
36.0,37.69867415002073
53.0,45.83426335134436
25.0,26.95403463515754
34.0,33.707529666768245
52.0,43.423819374687994
101.0,99.91549990321109
56.0,49.94594030441541
68.0,72.87158910172849
39.0,41.04046959904922
36.0,42.72969443166746
51.0,43.25660657331856
62.0,49.32408538731604
47.0,56.11260092299327
23.0,27.750845514072928
27.0,29.401417800171053
91.0,98.0998101390052
46.0,44.45004833893949
29.0,31.113719669607804
40.0,30.94578211615725
